,ID,Probability,Mean,Sigma,Mean_Error,Sigma_Error,Determinant,maxstddetrended,maxda,tlyap,megno,mind,maxm,KSpval,AMD,AMDerr
3,3,0.5911324327877323,6.83750428140782,0.306543385276229,0.013839040841917848,0.009771883130473622,1.828421162959009e-08,0.0033328594777687045,2.464439181526501e-05,-2849454.607878535,2.0273021970250635,10.568203135320685,4.704639192121651e-05,0.40310260702007866,2.0500944669539633e-06,0.004522419093397454
4,4,0.7632053598143608,5.687568150621653,0.23983756313057164,0.010565552582267415,0.0076485200984365,6.523257742799818e-09,0.013348029967315522,6.390223850614143e-06,18307.447227849065,2.547764759299456,1.7187543016112339,4.655615893497273e-05,0.0013295146389830112,1.234548834146746e-07,0.016721564334142035
5,5,0.3901803031449657,5.797548918601388,0.4567843418743342,0.0206904500256392,0.0148368020684103,9.42455552710071e-08,0.004047538522366735,3.750650536204976e-05,1031.6473945018504,11.419004879742076,2.4733880631589833,3.920461240767683e-06,0.9307144002524205,3.7670144851159505e-08,0.0058249695281794855
8,8,0.4304186641232273,5.8911509423616275,0.41752862167080107,0.018657612833166082,0.013477655556277944,6.32387962167598e-08,0.01606164111562781,2.5089575900176156e-05,2833.8054242719954,5.970266463706926,0.5437014454355305,7.707754090734311e-05,0.7090913097601381,1.8053072887636081e-06,0.006754159624883631
13,13,0.7246546190523585,4.644210361087789,0.25617377852546674,0.011093688421511795,0.00805147574894167,7.978389191944376e-09,0.018841205898124894,0.0004007039719837737,762477.4225744351,2.0037825724166995,-3.291227981662669,1.1370356609935415e-05,0.0002183068861607883,2.7876620854607103e-07,0.030200355471488506
14,14,0.6390848250513192,4.641321006938654,0.2790606716906073,0.012957490954822298,0.008820579585541152,1.3046669329892704e-08,0.0024197308484907917,0.0014144616261846374,205.54060631092622,50.3825786203487,2.0935379534461407,1.0317838495642954e-06,0.9762302453759644,1.270777634513917e-08,0.017578351258176264
15,15,0.3824377129161498,5.394118484047972,0.4722553762191515,0.021703424782212332,0.014858258857274124,1.0398302379713677e-07,0.015202176279464743,0.0005859858674523635,929.2316897408176,10.56536160946089,1.9853347119480262,4.916181592386841e-05,0.3599028659647999,7.279352402008111e-07,0.1042060362083749
19,19,0.29598276065651485,5.506962477383222,0.6117216691467854,0.02711134999461557,0.019351744141325327,2.7518762418550093e-07,0.002335653460465393,0.0006077955379914903,73.43320429669564,125.34518234860552,1.7696354338910605,1.4948534295676688e-06,0.9571669235102975,2.8224581193889758e-08,0.04432071896526406
22,22,0.4255171284750354,5.696338898452464,0.4219748814653336,0.019127266338209048,0.013651762831173987,6.817937253247873e-08,0.092185346636892,1.5849273621447152e-05,957279.7869011554,1.979590825941526,1.3053320079276043,9.905857205517948e-05,0.6555503111669627,5.667997739520039e-06,0.0008851062013336557
23,23,0.7809113067761165,5.750305153315754,0.2329825506116089,0.010600915093917557,0.0074165972990081685,6.182027132963711e-09,0.007637107174487762,4.0356215766923505e-05,59835.117991621046,1.9011758942998793,-0.5241540281175301,2.7316366217996182e-05,0.010125210232304336,4.264882783231126e-09,0.01374219983644102
25,25,0.7081441941580879,5.975441564155267,0.25585998412855976,0.011715545571372736,0.00839638351413929,9.672733459412482e-09,0.0007422385719244961,0.00014226742214906718,1152.9441411070302,9.61610996945204,0.5325776205418056,2.093477153511259e-06,0.5491661614735049,4.090651717482255e-08,0.0050844569118513715
26,26,0.4369865764302928,5.0833155513584085,0.4189024103378883,0.019046009496858696,0.013127293725512506,6.248019589720045e-08,0.04128487366594611,0.0005250757320399952,215.8294954213345,40.32633758940724,3.640209736633703,9.125842055203147e-05,0.6019152823234225,1.537002467303803e-06,0.01953993272679008
27,27,0.5293633463699605,4.935118481589787,0.3437021676782328,0.01525295920185558,0.010943594084173234,2.7862133180193902e-08,0.007412671332960821,0.0009475061770930994,828.6413591809633,13.865693933768425,1.5958379845336546,2.9108920230024455e-05,0.7613652067734002,7.123557906503511e-09,0.3406373356298279
28,28,0.3014136400091601,4.877459836870872,0.6191346255679913,0.02653852358551011,0.019711357090270845,2.7318508335761803e-07,0.013088651068663363,8.751670033901866e-05,203.49001313389059,51.51316527207196,1.9405886118726752,6.191314782194193e-06,0.7613652067734018,1.0463713444015268e-08,0.058277389230631006
30,30,0.7509728519975423,6.173449688422225,0.23908906214714065,0.01059975109139263,0.0075959329587699485,6.482260623735047e-09,0.0068026336707896875,7.379621732861445e-05,116732.03578403202,1.9733189839929801,3.422549170528084,2.3354201776410366e-06,0.5491661614735049,3.920929124844254e-09,0.0363839500224247
31,31,0.7148431080030395,6.869909286954626,0.2550058128610022,0.011546236170951685,0.008441145744431878,9.499923681995783e-09,0.007796056137700006,8.8483996944597e-06,120669.95033016533,2.0084184646018506,10.41653412130223,1.5083860717089507e-06,0.8567045353837404,1.9479585138464307e-08,0.0020094570916876224
33,33,0.44564585308169385,4.651385929161704,0.4064284956656381,0.01820689975750496,0.012839223380034851,5.463861321360645e-08,0.004565581510305542,7.5716248271184855e-06,1267.5665794503332,8.759101153008869,1.2915011910219714,2.273014498226941e-06,0.07742034064789523,3.758981642735227e-09,0.004833003515935171
34,34,0.4615696312778153,4.728932725405367,0.39651280383614296,0.017845302965805183,0.012434766404233192,4.9245313152239626e-08,0.0014062359620137248,0.00014866962755181513,57.26541215205174,164.27841477324384,0.8197863299865633,6.647966223211385e-07,6.67730626421895e-09,1.181381845376466e-08,0.047472063136935104
36,36,0.3692252387074105,4.931004489943285,0.4972117527456042,0.02204702691967278,0.015650652521621018,1.1877850040931108e-07,0.01991858659201899,0.0005009898602843174,1743.4742774121385,7.076766886285234,1.7007928342568936,5.931731016376544e-05,0.008212907610514936,2.484195928863072e-07,0.031594746842583996
37,37,0.6253187567662254,4.911632989815414,0.2897801433752453,0.01281069579184182,0.009267767465541836,1.408161245230419e-08,0.001468134623348241,0.0003681353276151068,658.3275353772718,20.386580404244395,4.165768386130954,4.428879704435019e-06,0.6555503111669643,5.463923872223615e-09,0.011790667119434852
38,38,0.2823924008392393,5.0646753953062245,0.6260844462755424,0.027891074374987383,0.020407833733125488,3.238174085196764e-07,0.02350419821477412,0.03002132286267708,,,0.16249666740884394,9.360419608236456e-05,0.14355816610478422,8.440110435639937e-08,0.1942868285961042
41,41,0.4704326624864597,5.790898847711949,0.3904947785759276,0.017475434749605216,0.012191607752412958,4.532763869073883e-08,0.0009853925565075344,6.247132066092673e-05,852.6460125499915,13.596264237823762,2.2528659766250434,3.295510322733596e-05,0.35990286596479876,2.767481829491947e-09,0.019540569116556022
42,42,0.4525353911218559,5.189591239495999,0.4039721966322152,0.017844143245767455,0.0127078913545059,5.142588850823042e-08,0.0222611132265369,0.0007290941734907316,85986.79381428887,2.125048890435363,1.8245264712396487,1.677513677532192e-05,0.06567117973706273,1.894716082697153e-07,0.007946106391592553
43,43,0.4620957356960111,5.344513230222252,0.392046368440622,0.017239276662792586,0.012693874969309914,4.785088159091199e-08,0.01794881604606677,4.3193411098405634e-05,1312439.0132669837,1.9973996434491021,0.7035359037406073,3.604933112651334e-05,0.40310260702007983,6.117181901215314e-07,0.0028741050343415973
46,46,0.3086147696484872,5.4612605573392905,0.5875454897471052,0.026636840296140715,0.018659948242277524,2.469468361557285e-07,0.006081854496530741,7.510658108389467e-05,564.9681656298982,18.47277546331614,2.4786676522563305,5.7638195749599296e-06,0.2184324844305039,4.7055835544596205e-08,0.023922667128514076
47,47,0.3445044141151905,6.0034106136682235,0.5249862700662636,0.024007002148259658,0.017051584202834792,1.6730127144377173e-07,0.002322294239638039,3.093888748405443e-05,334.3360119736289,29.51459127779082,5.272570876789749,2.3808701084552466e-05,0.14355816610478422,2.126047502375656e-08,0.13597244994672258
48,48,0.4486202578503218,5.489677485579715,0.3953678464993448,0.017982306368813143,0.012691116509721876,5.206699436685366e-08,0.0020235489866429956,0.0004221915371487655,1921.2040009927052,6.913864316669828,2.895206853424756,1.9354960912023774e-05,0.3198116437605909,9.618456975436667e-09,0.07837224612739743
49,49,0.3127897746630032,5.570551931437908,0.5814461932986259,0.02584300074605411,0.01813100182426676,2.1925889253088256e-07,0.009862334555623471,6.168484565412951e-06,-440506.80745421676,1.973721434931981,0.21355212712840843,1.7367161546229798e-06,5.088268557767811e-20,8.975162475315167e-09,0.001792952048399723
50,50,0.3008564548210107,4.387149063460002,0.2733753944185954,0.008489796444963477,0.00614180926653024,2.717253899800132e-09,0.019825447200211496,0.0022583750572156636,437.18921088511394,24.934274540754462,0.26967121576686104,4.7037081041880553e-05,0.002229025519133204,9.620274172740695e-07,0.0035639314688299508
53,53,0.334635460994694,5.357514096835872,0.5330589260320869,0.024490052487997745,0.017051927379528868,1.7427243347256688e-07,0.002043522416536107,0.0006452011087839126,382.11104689503344,22.860229117549114,0.5325933099193634,3.0847046075834694e-05,0.04667764677246235,1.1822252468639506e-07,0.00179718799406486
54,54,inf,6.219218442506127,0.1822190575733328,inf,inf,inf,0.013420435477804377,0.00027467859885438913,-1354259.6836467325,1.9870249592130567,0.8410011174649044,2.50598043020204e-05,0.190710292659619,1.4556543771897437e-07,0.02392937878492803
58,58,0.5860170080870808,5.3716741984363265,0.3091636364888008,0.013925547091957364,0.01001584516168328,1.945150485715916e-08,0.02862307456476642,0.0007076065647948483,1432.0891908436884,10.555658840887913,5.802119166481047,8.859773777432781e-05,0.7090913097601379,1.204578500410157e-05,0.005047112163373804
59,59,0.4048376644696424,5.204664008802487,0.4415572742932717,0.020265026840736187,0.014400055147281297,8.515144941742784e-08,0.03914437956091738,0.00017651654187204375,7812.513465259944,3.6996691752843938,8.043012647361937,6.875200602713628e-05,0.40310260702007966,1.4669672994661242e-05,0.042110823629242886
60,60,inf,4.28339727892259,0.08547398607404222,inf,inf,inf,0.002570246313325395,0.002678083958550046,1107.3954434832795,9.958200763625358,-1.0823496847787948,6.366118014973847e-05,2.7712425980768036e-20,2.3472013304652728e-06,0.005659673297908976
61,61,0.2551236795889786,5.195959817122676,0.7268404472729847,0.031693275460743166,0.02209840145188766,4.905590957514775e-07,0.009214205950076309,2.446404407294437e-05,249.4087273960872,42.41804122013686,2.3815740294928753,2.686781380217033e-05,0.0008097301144065586,1.6207948568408704e-07,0.0361069184947649
62,62,0.5768876440053696,5.059258002407302,0.3145827281824873,0.014102079433910931,0.0100928023925063,2.0236816647258637e-08,0.004479932644535327,3.0716371257510915e-05,7201.177654670859,4.0531193213606045,1.4708426752822041,1.6345210685035725e-06,1.1698567528628858e-05,8.067505597905356e-09,0.017723053807212535
63,63,0.5138912684649818,5.088866693384881,0.35238315596905045,0.0156547835530398,0.011260080777091326,3.1062033272183064e-08,,,,,,,,,
66,66,0.4590742021656116,6.5753834778358495,0.3956255654747842,0.017602372705017494,0.01245733464285885,4.8065540039641255e-08,0.01977841798662715,3.6751253208837186e-05,1570.1270252317893,8.652798151700647,3.347721403368979,7.866787983897473e-05,0.40310260702007866,2.322794760852274e-06,0.01091573931926284
70,70,0.5449189841612175,5.912944702840158,0.3226988280339695,0.014876614331825818,0.01062662717933022,2.4987066372195093e-08,0.004751537715542801,5.9272168449576754e-05,142342.0106753362,2.1001291651367495,-2.333994468308336,1.2857262367586279e-05,2.1699070622172285e-05,5.972527251352836e-07,0.00121399693505657
71,71,0.21604164016791064,5.428581474822964,0.8407233024993257,0.03703674210164391,0.02742540233569906,1.0318341027766206e-06,0.003694880304375574,0.0003178918414563672,316.47125470113923,34.07450948915742,1.2312278082069557,5.433191717853552e-07,0.21843248443050312,1.8211351597715324e-09,0.08066236520583404
73,73,0.5294307396685637,4.984286158870175,0.33661346251000823,0.015201865428367153,0.010775086152222571,2.679545122535212e-08,0.006836953391891658,0.00043359393150743176,222.07868115284694,43.578359369884126,2.7511995151283504,4.9254536554598786e-06,0.3198116437605909,3.845818779352023e-08,0.05311494370606769
75,75,0.5037683219592439,5.465188773995954,0.3597488953995085,0.01596877969234299,0.011566464389325095,3.411825024427183e-08,0.008822506700760012,9.669105499865901e-05,2983.208654861283,5.209232556579758,1.355844375910746,2.707188722993881e-06,0.5491661614735049,2.0965760053175514e-08,0.02296075313787461
77,77,0.3367789834774297,5.395265408486947,0.5420504366457675,0.02442821910225337,0.016934420010676472,1.7114627070699478e-07,0.015319818109399802,0.0005158948594665088,833.3589893688356,11.602750795868229,2.9211862874621484,7.440333641691905e-05,0.8110410183808878,2.6768768903147544e-07,0.004437949700052725
80,80,0.4524788674421058,4.587635179302416,0.4047969847467448,0.017899049821240583,0.013131918018694715,5.522704613873999e-08,0.004252927259582574,0.00030678819728327967,215.15618947005925,42.12088423612755,1.7771584552488067,1.3316719075741475e-05,0.5491661614735077,1.946112105855624e-08,0.6381257507611167
81,81,0.3615246931113864,5.788467504715871,0.5086659696038672,0.022805980906711182,0.016386256828769825,1.3962419758036726e-07,0.00029880235169009835,0.000635523779891512,-185376.70644661566,1.7254415572244444,4.032182904014396,4.719680757112103e-06,0.24912032165509002,3.841621215894112e-07,0.0014921433070382562
84,84,0.41861294937066207,5.5055448683159485,0.4369918729054346,0.019147825859288047,0.014365151324959047,7.565154349038929e-08,0.0004360353033912691,1.5568481683446555e-05,2351.7486723615634,5.574197931854968,4.413663556810081,2.0837399854460494e-06,0.8110410183808878,1.5878209956168658e-08,0.0013956824830492717
89,89,inf,4.266151058817618,0.01859695575684722,inf,inf,inf,0.016447110548774627,0.00011283877809170609,1635.139804729676,8.423601301521286,2.4538286528254694,2.3546293045652856e-05,1.7900863030854293e-18,5.106558330245838e-07,0.01981355717848128
92,92,0.29999709891868714,5.111542453918497,0.6143265253337507,0.027680725257945512,0.01956184655932192,2.929955366284049e-07,0.010424339755708008,0.0005564519183605897,,,0.9399293003220166,1.9107128826981852e-06,0.5491661614735064,3.2967678468156066e-09,0.6690584167347634
93,93,0.7737448265713965,5.750191628960322,0.2345313111476869,0.010579125452966931,0.007294738038199565,5.954969235785607e-09,0.0011338316349950234,6.442758208655562e-06,2726.958887976517,5.044592916218998,5.593497433483446,4.4608301601681926e-05,0.9307144002524205,5.719110488110856e-06,0.03002214828706824
94,94,0.4909335705850711,4.849323819300121,0.36989653520548776,0.016374109841637258,0.01210590674943685,3.9295023889870976e-08,0.0015403466706588006,0.00029245629816218875,602.677879807055,15.338822554572843,6.691630117493238,2.96025321134943e-05,0.0002183068861607883,7.61348508770826e-07,0.008716805681210601
95,95,inf,4.520901623191043,0.14243795695287692,inf,inf,inf,0.032530959140644376,0.002087585075485013,-99278.37765094898,2.132590169420107,-1.3727033531726067,2.6166965578720597e-05,9.937724991790739e-36,4.7354288417020754e-07,0.024950523884031715
99,99,0.6456590369935913,4.814696411682264,0.28252110301306443,0.012476703351108856,0.008811147110446114,1.2066112719429304e-08,0.0006041203439002527,1.5967971325192558e-06,174883.24228505528,2.0472681063033,3.847099822919211,1.4678767199106267e-05,0.00012560356974528915,1.7310789902676033e-07,0.0007580939209286661
100,100,inf,4.889788041147778,0.056846392505790086,inf,inf,inf,0.02085090916047475,0.0005210883020878438,30810.21581858379,2.362982306030005,-0.7351441116337663,6.938958449555525e-05,0.00028605686888163485,6.982709342524814e-07,0.011747857604906656
101,101,inf,5.865803056363924,0.1742512638129077,inf,inf,inf,0.005552799430888493,0.0001938410962239734,23544.40386509042,2.212531399428321,0.17934563480050847,5.34671613410502e-06,0.10629177180942283,2.0526801821820908e-08,0.05297996142642684
108,108,0.498961832685983,6.5905732045425465,0.3652152105687192,0.016598178082690627,0.01123539132044717,3.476667168551747e-08,0.011491659857010988,0.0004261737361444139,170857.2738310497,2.0015422290327014,1.2924088416441295,4.773962219415468e-05,0.40310260702007866,5.097168037657872e-07,0.033588378582704255
109,109,0.5328373114792778,6.3132910189715,0.3390495250807265,0.015276167032713762,0.01066045832481046,2.6521592227082485e-08,0.015555001318622358,0.00017324708919964752,4967.803303097686,3.9721444695383945,3.78276601920492,3.686369540268539e-05,0.6555503111669643,9.891473176599869e-07,0.00022345541430624638
113,113,0.6595633507609118,6.564103213378315,0.2721721882477533,0.01243624346349649,0.00887250617238806,1.2157163027846426e-08,0.021881787352203575,0.0004989990931832289,93250.2414278567,1.8034679877268192,1.8703712466218847,6.226997624474124e-05,0.14355816610478422,2.093453556629542e-06,0.001109010168945617
115,115,0.4192109053357057,5.007156539064543,0.4381014609375661,0.02001711696317063,0.013357206984542926,7.146311805864067e-08,0.002898959035311841,5.6243887626910575e-05,862.760447998072,13.258967660682139,4.003206507960333,2.416194654267135e-05,0.35990286596479876,7.313612326624631e-07,0.001263484225342563
119,119,0.3812782956160165,5.450625066295768,0.4757020116172368,0.021391475904879085,0.015288524682662003,1.0691612869342844e-07,0.0269102269195721,0.004145363526094905,,,1.9172801817891152,7.207020181646247e-06,0.4492545062704516,1.0678615094021806e-07,0.5312986169234098
121,121,0.4771623222272098,5.8703467995247,0.3752773395530841,0.017035989197213962,0.011958196828401754,4.1488510258931544e-08,0.009439363691360524,0.00011717828747059839,-43781.900923850204,1.8966766754309459,5.34529105746935,2.6319514474133068e-05,0.6019152823234257,2.908464490156776e-07,0.021288834069244856
122,122,0.4880071936521061,5.405410954972685,0.3788061920525413,0.01707544919990267,0.011865063309673171,4.1003565461152885e-08,0.03612634524561105,0.00012854881056346523,1380.1884597610385,8.368660788564418,0.11979163831464068,7.226849976998995e-05,0.09090010387130854,7.499306142236119e-07,0.00796893460538325
125,125,0.4224172637679219,5.170624782080849,0.4324444159501739,0.01935281279113052,0.013508924147681914,6.820799717175773e-08,0.014144215879503727,0.0010500660867862107,391.3289634133484,26.248869292303844,2.131763298501013,3.0571521564443675e-05,0.5491661614735049,6.445870990300678e-07,0.012432988379605957
126,126,0.4958463804980732,6.225261722721598,0.3628103038772552,0.0158516566523801,0.011782403270554015,3.488545646755591e-08,0.029346380171929237,1.2009703021620405e-05,58207.48152450667,1.9685470670509086,-1.7795633842558614,6.1155190952166825e-06,0.032641951644432884,1.210832481144283e-07,0.0023266815035390964
127,127,0.5700357984921413,4.446131872966926,0.315781120375027,0.014444735449724815,0.010174563447637529,2.1585008374911894e-08,0.010598155198999617,0.0028588610528265386,431.2120149997295,27.159658132702777,1.829968049374071,2.9344714371507948e-05,0.31981164376059196,2.1369882041199605e-07,0.327010176226008
128,128,0.3574248527629477,7.004225294924394,0.5016462301818692,0.022847690314773485,0.01596901422963212,1.3292512303580324e-07,0.00034351730156289987,7.768044244998972e-06,-60567.552257700605,1.9509749096776057,0.5846820909188661,3.424002650441653e-06,0.3599028659647999,1.5693561028782803e-07,0.0005878153333355577
130,130,0.2614794508950294,3.9916949244934368,0.7006207946822856,0.03073766481180148,0.022546206576574218,4.801570838936649e-07,0.0054430173103138255,0.0002226084774176135,105.96619917614687,16.918405259754504,-0.14417075172600946,2.7808395457974952e-05,0.018515440681510592,2.067450438134284e-08,0.2790835986059678
143,143,inf,4.443181835258716,0.011908552966163416,inf,inf,inf,0.003962022746070088,2.0924457124137014e-06,-2559121.895344142,2.0002687793188825,-4.151498816755634,7.522987611120644e-05,2.4587191272653994e-25,8.563109486505926e-08,0.007227517059789652
145,145,0.42998033705994615,6.874161721172974,0.4216802074999992,0.019044226610825204,0.013695097445821649,6.798641974842764e-08,0.00011708162369068059,2.590025807648571e-05,-367251.0035277296,2.0014263340456173,4.345450885422188,1.5510263494896857e-05,0.9307144002524205,5.840541804388908e-09,0.002847223722079556
146,146,0.4420858443835842,4.890090353782743,0.4108361344141849,0.018495590028568414,0.012715845933696252,5.531312608486688e-08,0.03519571394405478,0.0021028841990204192,100.44495006101091,103.71563478163809,2.473661925424443,2.0789523211773254e-05,0.40310260702007866,3.1764354445141617e-06,0.05777402161145457
149,149,0.3198437465578074,5.519024544142768,0.5746789175584872,0.025831907548298536,0.01795045347636715,2.1489659808530574e-07,0.0027721380682613228,0.0006522814888120507,227.70322945126318,35.863203603971655,2.521179663941623,1.4354014772701946e-06,0.14355816610478422,1.0545142827964044e-09,0.1893592667517393
150,150,0.4225462376335976,5.568794315967557,0.4269104700303071,0.01946700886461448,0.013734470240122785,7.14871519863108e-08,0.001810078298593702,6.664648267591597e-05,2020.3835364084305,7.032739885083356,2.6309330424575754,8.157874855275672e-07,0.027130694162290005,2.95240755179347e-09,0.0067994285425034915
155,155,0.3092936913692563,5.323342446478182,0.5859575316358272,0.02601318774441726,0.01876078054415476,2.38184303894286e-07,0.0012225513219830584,0.0005992011551042562,183.29416429227174,52.971058670825265,1.9319631667333912,5.537987447407717e-06,0.14355816610478422,5.639047246038853e-09,0.023094897029490174
159,159,0.5854893139259598,7.325795735255986,0.3104826271232323,0.0136091073463389,0.009697127780929637,1.7413647182989106e-08,0.007766517708308494,7.094130334895802e-05,4393.579654242606,4.453394469729428,5.307543177725133,1.0414086783280625e-05,0.9571669235102975,1.1395875558711978e-08,0.0753731477369793
161,161,0.34715555184789965,5.853300351494696,0.5074301150127266,0.023082680066870597,0.016285281887199295,1.4131703172913359e-07,0.018449240803308373,0.0010961874581759778,77.27255738625612,122.80700097825907,3.1996975735713375,2.5409557986514534e-05,0.04667764677246189,1.6552539167986918e-07,0.19254724099304155
162,162,0.4255901978337041,5.3506377878873925,0.4234989970829669,0.018601262946920646,0.013749306038323951,6.540925400933332e-08,0.018320728552415115,0.00014220136126145332,6034.4247063667335,3.265566710456543,5.028952969670493,1.8775585754003487e-05,0.07742034064789592,7.492431621226023e-07,0.01698372265132971
165,165,0.5845981743790667,4.491703886790073,0.3096580465295623,0.013913629704794922,0.009969359262218863,1.92420328535111e-08,0.0021023752623220587,0.001781271277487277,-86166.11165508884,2.0015560316676524,7.103477155812371,7.683278047180082e-05,8.877113882858151e-14,3.1863854838465384e-05,0.003915217809346481
166,166,0.4950016492366511,4.616112699967843,0.3591947278576849,0.016498078778483638,0.011173321474957636,3.3912841743451624e-08,0.0029694941589111443,1.1368180456772233e-05,9753.924522840707,2.759174272637472,0.5904915998424451,1.0768957778328657e-06,2.4221920866995e-10,1.5244100198821896e-08,0.004178418879518303
167,167,0.5715683661453909,5.899941440415609,0.3228628096998847,0.014359217670969019,0.010210478756681891,2.149332841190399e-08,0.00047988221166257153,0.00020846747415159683,13689.919211803557,2.0481369389517314,-2.7948832031882516,9.658600708400525e-07,0.0001659270921837515,3.385010402012582e-08,0.012845377983463422
168,168,0.632976261025631,4.295825081747868,0.2861528856916231,0.013230683388728879,0.009235027997770463,1.4861827526799453e-08,0.00647647667282463,0.00028026216562072816,1812.3740910995664,6.833638601866556,1.549215780155735,6.217704505866071e-05,0.40310260702007866,1.4057472613124403e-07,0.034993393766653516
169,169,0.6318106342536798,4.604899879103487,0.28563767443192045,0.012995342176438378,0.009029393670688508,1.3769339643307678e-08,0.013089418020855845,8.090909845286491e-05,238.9560124418358,39.467269305856355,3.5879422086589,7.484627135954026e-06,0.49808258504771635,4.065481148135154e-08,0.09402865192775366
170,170,0.3656382457355198,4.920858684279124,0.5066878012885203,0.02191195718057792,0.01566169641246246,1.1774953612427402e-07,0.007118011473871414,2.300116487775493e-05,1415.739805147635,8.384175322366657,2.4397659913137977,5.887275014816247e-05,0.07742034064789523,7.517608846553739e-07,0.011294226120200963
171,171,0.4768449026608158,5.3503874642052,0.3819621491311598,0.017191187817509716,0.012211562570967545,4.407332171581561e-08,0.010856874087177771,0.00011705011747742956,3875485.4862801293,2.007482727512784,1.0733086267678065,7.16133690322615e-05,0.02245847031357403,8.163787231786709e-07,0.0044331082315574154
172,172,0.4853354145000899,5.422071746475173,0.3756458186662685,0.01687055348636,0.0119614576696925,4.0724758643216966e-08,0.007168226276535317,0.00021331582284944695,2814.7804801161237,5.811162376432057,2.416562419994764,3.5099141293481415e-05,0.12378167252561864,3.6306120128185274e-07,0.0027635473924090864
175,175,inf,5.197802928396493,0.15414009374877385,inf,inf,inf,0.013598672394701892,1.5184772095944151e-05,423226.3789633323,2.058189352958906,1.151326607658652,1.7251555415580232e-05,0.10629177180942236,6.86316595875244e-08,0.01823552073855678
182,182,0.6351611423488215,4.522281256601652,0.28640231126813626,0.012911627660359772,0.00916447633628576,1.3991176262794084e-08,0.009368883781526042,0.0009050165375971279,323.8192211865225,30.606248976789658,1.6679762623317762,6.289836913234448e-06,0.000373312162128721,1.1162967211827095e-06,0.020465271089006407
187,187,0.3833013051098145,6.330813668568889,0.4812269044347402,0.021377949423475363,0.01485292030990871,1.0053436109460302e-07,0.0017111257930330992,0.0013288681717719133,-69849.74024108064,2.02182395745791,2.356098129897563,2.5805934801438054e-05,0.0008097301144065643,1.3957439384586412e-06,0.0014067245011740157
188,188,0.2466742658813719,5.071564410478039,0.7441403390436241,0.033251291070263915,0.023282977216870383,5.994226587682204e-07,0.02087543685618168,0.0003207331214246579,416.92351638466727,20.27324669975241,0.5359190784322001,5.5527639442859135e-05,2.937295067799962e-05,8.714009854686866e-07,0.06620166706076483
192,192,0.7987344302280064,5.060125284466911,0.2252229615066167,0.01025363546653118,0.0073536462979976215,5.680766626009446e-09,0.00019996675293925144,9.263645143804399e-06,217.78721700080067,41.8994787059355,2.143608184303111,2.295303155787793e-06,0.0034136307392505553,6.929048208064533e-08,0.0012119752718529099
194,194,0.3849103074139771,5.25070621134512,0.4660943839128377,0.02119750145987482,0.015656453177901798,1.100053436137311e-07,0.005400090796866568,7.139970209329055e-05,721.2167232976387,16.307534429348934,6.052926569529772,2.738012183036078e-06,0.03264195164443271,2.4396276563978663e-09,0.07571279732306828
195,195,0.5135656615437248,4.915765418286598,0.34897958355814696,0.016060463855090308,0.010958643903400688,3.094656959602549e-08,0.032267058640713386,0.0007918372917524726,566.6260985825261,18.42831510012431,2.299265934636084,5.139592163348513e-05,0.10629177180942236,3.6338906456739984e-06,0.028730039502790777
197,197,0.3997177522168251,6.261665242322335,0.45537558365407704,0.020742680715254185,0.014480718139497013,9.02304624997251e-08,0.0034984802604045157,4.9124488069014944e-05,1022.595004503841,10.745749306226994,1.301216252973994,1.5536091029934338e-05,0.7613652067734031,6.808486693129414e-08,0.011804657430687121
200,200,0.5103899799595812,4.1073604008258435,0.3474534619499972,0.015447674629930715,0.011555550589123527,3.186669217488244e-08,0.01907142480665024,0.00041700891996810383,44.232049102970436,101.0805366857477,-2.2282774369731975,6.987261143531029e-05,0.21843248443050312,9.708144031777439e-07,0.10078603578985823
201,201,0.28776065011772617,4.036770651203739,0.6381140172896794,0.027810777636127524,0.020358688937703,3.199970767881355e-07,0.010267011061578787,0.007580789641518423,59.19046222889697,40.7514047998557,-0.1254850926597989,2.059421991690028e-05,0.04667764677246212,2.766161610033614e-07,0.099708598644436
202,202,0.5243002359640561,5.151923664114414,0.3513591944146624,0.015675012804526572,0.010837317905112082,2.8785492798223995e-08,0.036158482624903246,0.0022022411604678003,299.8371033795191,38.63666656277386,1.706642592872547,7.265097999622962e-05,0.35990286596479876,1.2776375723942895e-05,0.030860621643186415
203,204,0.7227195149935536,6.357869632397966,0.2518772842865814,0.011785568400137326,0.007971849180864885,8.827721647899007e-09,0.0033231299013171327,0.00011453906491036922,35660.5025732719,1.990416758430758,2.9407871356083155,3.8243424290701416e-06,0.4031026070200811,1.0607088422925432e-09,0.3211472484701054
204,205,0.17624031613451385,4.966082647125635,1.0263568894289137,0.04418190409063949,0.03349913416353049,2.190701092471473e-06,0.015793380856726765,0.014964006914216,,,0.308955814856652,1.4915074160118818e-05,0.027130694162290005,1.017689129138837e-08,16.478658289208514
205,206,0.4055406042815733,4.633188336962987,0.4527488470096792,0.02019147396820253,0.014079674789103052,8.080661809367129e-08,0.00928238315232412,9.218817208657176e-05,1464.068208394898,8.66177814076685,-0.5823570928794702,9.349542525049462e-06,0.012432141728521395,1.3893448655320813e-08,0.06512982125957673
206,210,0.2433692885957835,5.456897399393247,0.7462321377497372,0.03395932566025256,0.02325091588614988,6.234890182931295e-07,0.025821450464784627,0.0004122112731439141,1116.8643413036207,10.091389623510803,-0.5724361421574283,2.9647561501977336e-05,0.01490529041125019,9.70249731483891e-07,0.05323361060640942
207,211,0.4555319653029108,5.6421708010835125,0.3999899578275207,0.017835265760460413,0.012446468943848913,4.927274753668084e-08,,,,,,,,,
208,213,0.39878970266962394,5.2929438514809215,0.4533966563901825,0.020563393565149503,0.014613018996628615,9.017605393570591e-08,0.0027856674621316324,0.0004452927117130895,190.6897509806544,59.699056683119096,1.5092102367372249,2.496749022031837e-06,0.35990286596479876,9.9710246101844e-09,0.01414598404271214
209,214,0.4904709603643616,6.626869785644707,0.370904008515279,0.01643819197680713,0.012111538363645126,3.95789841750059e-08,0.013713502516420718,0.0010185131616470275,1588.221913275101,10.18364355896456,3.714314044900582,4.090335416570864e-05,0.7613652067734002,1.2717404581697416e-06,0.1534955543977881
210,216,0.2321086707537489,5.497235271924254,0.7975022366825985,0.03508959455733941,0.02475859400843776,7.548350309308273e-07,0.0040284813938381995,0.005874565988085064,,,1.6855416799435492,2.77112176997839e-06,0.04562213124469334,1.0251654827221256e-07,0.015381201401243926
213,220,0.31229270315574303,4.721389960168692,0.5771363534334908,0.02610383790715087,0.01833532628030649,2.291022442223146e-07,0.014555852489792563,0.0005106133393099066,83.81459011700365,108.46542649205209,1.0746891238025484,1.0025625829793427e-05,0.6019152823234257,2.7814451194702522e-08,0.060297074421787146
214,221,0.2832191634216428,4.269606072079918,0.6405413638907537,0.029039163169191945,0.02084440645271363,3.6641130239152867e-07,0.0017523542034274407,0.0009392253093101579,48.110165689781134,155.81341891876656,0.4565791485350994,6.950570374455547e-07,0.4492545062704543,6.265778227902594e-09,0.013380463014170842
215,222,0.40370330133922705,3.875382565396027,0.44610025768984185,0.020107493026661916,0.013938934672011905,7.85571004054614e-08,0.024704067074351577,0.041015031324312196,,,0.7238554855296677,7.244565277197955e-05,0.04667764677246189,1.9731950892104846e-06,5.266159049907228
217,226,0.4577863334360048,6.870920881629538,0.3984527265919505,0.017788301751962873,0.01291156882513966,5.2747028218361406e-08,0.0007494471054504233,8.979433792652349e-05,2005036.1863422717,1.9982236123459942,3.676905285886969,2.149133976126894e-05,0.9307144002524205,6.62520455177582e-07,7.166460922202086e-05
218,228,inf,3.549211874431939,0.17409108165989332,inf,inf,inf,0.008148659905152334,0.00035657318867903583,1411.584034229048,7.25279912511932,0.19041685850975498,8.184641824847413e-06,5.088268557767811e-20,6.250219418952513e-08,0.05713234386878111
220,235,0.4794109569868236,6.6951790970509295,0.3747742270347968,0.016675894188411575,0.012092466961357986,4.0611801583680484e-08,0.004154206020770821,5.2835809221663e-05,-2577241.2885778225,1.999356034520111,3.407995956604685,2.094065273263029e-05,0.5491661614735049,6.048230323397864e-07,0.0076344710488154745
221,237,0.6768777418514907,6.521245393638492,0.2729053768927014,0.011816508189559729,0.008551531572216676,1.0211932875476427e-08,0.07707683225743184,0.00033091498625839003,73731.06260465026,1.9692919229333934,2.00753761787684,8.140489938597417e-05,0.3198116437605909,1.5182329814885387e-05,0.023470057644534147
222,241,0.4469209964115529,5.869359180531861,0.4069482661238176,0.01835573765700351,0.013043345835808398,5.7309593747913265e-08,0.00547725660298078,0.005090504371084941,41359.016782187304,1.9072140241058055,-3.940172636604225,5.908394804372286e-05,0.2184324844305039,9.090381996426291e-06,0.01775238228288447
223,242,0.20634094086565444,2.9034265424860863,0.8908057917054151,0.03885311548687477,0.027762752358421718,1.163594299282436e-06,0.01689707477412483,0.0006154518175304768,19.75764125707847,13.383814400745809,0.8367272460593562,7.688246088825084e-05,4.3307482937664957e-08,9.861424016241998e-08,2.5608556441542136
224,243,0.3806897586212359,4.912682429027722,0.4725340045415967,0.021217298978214928,0.015065819395962281,1.0218857102603077e-07,0.0014588999240351542,0.00021344791220545545,385.07609990971844,30.99224500190961,0.94759848352975,4.88951524771847e-06,0.0008097301144065643,6.000299642533569e-08,0.004276318496906908
226,245,0.3971099086939948,4.723747571122852,0.4599732809113837,0.02037286150866245,0.014279381503520403,8.457421354642447e-08,0.006136744670299705,0.00019675508174276843,97.99794161095613,83.34664854830082,2.88702585533014,8.413489580485746e-05,0.027130694162290223,3.689075763105018e-06,0.036302677954525485
227,246,0.4864660382285965,3.915196035256149,0.369485642977252,0.016799789623794126,0.01145984811120176,3.698645761344322e-08,0.0015101980732876415,0.0007633068192638431,,,-2.75592270562408,4.856284408362504e-07,0.2184324844305039,1.2432618126661064e-08,0.018058419976211812
228,250,0.4077370952098789,5.617890311773618,0.4498100475972471,0.0198999137541752,0.014406765327284812,8.21520123715965e-08,0.025590037030568984,0.0017096000125391953,3299.6143305214887,6.645169188255328,4.022926139724903,6.29590546274515e-05,0.44925450627045294,1.4642742827344638e-05,0.013903298131401972
229,251,0.3941838200318109,6.426724204430969,0.4614862729983327,0.02070602430853441,0.01507989063146288,9.748484390334947e-08,0.024751353171529558,4.3804691484017326e-05,2639.053134719215,5.596828044589403,0.12087003247786332,3.087040957551322e-05,0.6006227170873564,6.581587288758342e-07,0.02279910516892659
231,257,0.5325069026548616,4.894346834241522,0.3364852752926475,0.014978159258560825,0.010712114396882336,2.5681527142109715e-08,0.00401160307857185,8.056812540679917e-06,1977.9089401888632,6.534050499533795,2.0521109377566575,1.4251313328897253e-05,0.21843248443050475,1.1638778412319445e-07,0.005359229011818172
232,259,0.491125911105942,5.898470484067361,0.36586518498613696,0.016312467627034543,0.011749463324455851,3.6613055319653683e-08,0.009160594176421292,3.245817844221842e-05,314.60747803690936,29.581423625785835,4.079959312268642,2.5404551672039925e-05,0.8969819972425297,3.6775000631543556e-07,0.010424630169524628
235,264,0.42237984046056376,6.350147549815352,0.42646451734648666,0.019829343633645916,0.013414490319356277,7.075206425277561e-08,0.004029506924324988,0.00010151362231776502,163241.29106142756,2.106126020009249,2.1195152609250534,7.684406574294337e-05,0.8969819972425297,8.081480631510697e-07,0.0037076806337410033
236,266,0.4046290886276753,6.560110235541347,0.4535224416431395,0.019847962095188017,0.014472273164673546,8.246981380191324e-08,0.00018496609272012536,4.4908962137796285e-05,353.3347974786958,26.9100399696919,1.3567057711808719,8.742155307355938e-05,0.810072550941813,1.2187434388588534e-08,0.0014487096958161036
237,268,0.7957037575260352,4.906076934913098,0.2251673680501462,0.010168404658056015,0.007310184786796047,5.516980559628433e-09,0.005930191823325265,0.00015656481056147703,-147204.92441177505,1.5129174870978082,1.5582543290030846,4.0338953653149693e-05,0.02245847031357403,4.007905459415013e-07,0.0007517609424292855
238,270,0.7272496096806839,4.464085864865156,0.2517812816408109,0.010887775681532591,0.008032164185844357,7.648673987995387e-09,0.01587209039135213,0.0004870357175269512,599.8075743320205,19.02058649335827,0.1830978922581541,2.7531656824524106e-05,0.00016280580883351974,4.554772931653022e-06,0.012853781929187619
239,272,0.5254605616029726,5.913730477287631,0.3425625482988615,0.015252377317681774,0.010783078453814522,2.7050521202623398e-08,0.013087393666526979,4.1756092621025864e-05,26609.072750798543,2.788726151196529,3.721394536888499,4.293321125051364e-05,0.14355816610478422,2.606867597323778e-07,0.0011655830778916074
241,278,0.36267796540350256,4.422378664524155,0.5012648632899329,0.0224689442450081,0.015516676446344987,1.2153194194716225e-07,0.003242259204117373,0.00040439683708488135,103.1412018822661,101.41830052689909,0.4075080451765951,6.462681662405114e-06,0.4492545062704516,3.416943366790623e-08,0.026064365961491257
243,282,0.3463631667236496,5.7301711486917615,0.5235797816173773,0.02328712566851916,0.01638757437804965,1.456456004244249e-07,0.0027376447335970395,3.5243050210754785e-05,578.2631029032979,15.895768841148232,2.4916795116686252,1.9742156879291718e-05,0.49808258504771763,1.0043120115856536e-07,0.004060866406128351
244,283,0.4190634665312616,6.752770980071317,0.4401571817378439,0.02037973572970081,0.01450860646045462,8.742980742774294e-08,0.021939610522915348,0.0009018840149118688,67538.98820269463,1.9812852550582047,-2.077986700914903,4.1699749756772016e-05,0.03430472222084269,2.344742117831971e-06,0.028153392306024105
245,284,0.4914232386555528,4.847708934257142,0.3641620438013809,0.0166180711292317,0.011639050575431041,3.740814773436559e-08,0.030114048318783983,0.007511095295360159,158.3302537716567,57.62511624324789,2.8784675678092855,5.7341504525687394e-05,0.35990286596479876,6.36309578850692e-06,0.003780491537323454
246,286,0.25536973050075074,4.636038534598074,0.7174093845034284,0.03182267510544404,0.022329760481588017,5.047243661797947e-07,0.0026551130517581925,6.0657958705467876e-05,41.50671959024978,158.47323299591375,-0.8341419476859542,7.60777894813661e-05,0.21843248443050312,2.162780765268062e-09,0.08765727765557299
247,287,0.6972833199168547,6.345208669342605,0.2615517126542826,0.011455078256233936,0.008297095402812692,9.033802287195802e-09,0.005374984130966812,0.000609085079725826,-635298.5597748809,2.0006960906950315,11.053955739436393,5.7809545611882316e-05,0.12378167252561809,2.9238725832156383e-06,0.05865411700221033
248,289,0.4936098700402892,6.113421300960944,0.3659080433221559,0.016405051096135496,0.011723597030127972,3.6872404018704285e-08,0.000517982840655061,1.2714355827857028e-05,5440.441642403074,4.339954597342572,6.265086639861718,2.131873051272126e-06,0.2828891626185364,3.325970961642043e-08,0.005394299230151716
249,291,0.6057406698910948,4.724522798874031,0.3022303489457792,0.01391928826101914,0.009540441586661069,1.7633967486856162e-08,0.007953227733855477,8.262886516019476e-05,743.9184962126953,13.429180872074177,2.1940907717401497,3.243441842514137e-05,0.21843248443050312,7.154935118067254e-08,0.10152936671268863
250,294,0.3497274785025727,5.310981162557948,0.5153412010849815,0.022806828990753026,0.016415755941397464,1.4017417659693233e-07,0.01263308375074993,1.6679436857236492e-06,523.5068987868704,24.711932864852905,2.763348569881202,2.83834328477966e-06,0.7613652067734031,8.273292171310827e-09,0.20774336914343955
251,296,0.6142298221579816,5.6536591725030485,0.29366576352760115,0.013058983891645448,0.009137924456554414,1.4240459885686541e-08,0.017829296216998573,0.00029320122212318496,11853.222756330222,3.523253696588645,0.013488466778535324,6.124670031438511e-05,0.7613652067734018,1.1768642077942924e-06,0.00441247480308261
252,297,0.3794667051522341,5.827555683486066,0.483696762206602,0.021524631720850042,0.015524183574263146,1.1126552030030597e-07,0.02307898659144589,0.00024159903836673546,53662.38080640215,2.491221539222073,2.19298613209864,5.512797702888718e-05,0.0026772475104100907,2.1121043710464656e-06,0.010814940690997326
253,299,0.5275681885970278,3.6760605856915802,0.3429475273585056,0.015538043286265828,0.010608087407708496,2.717096723872379e-08,0.003921756870895096,0.0010460410568142275,65.6325191829288,118.8611534415076,-0.7114076851692257,2.8709733896754046e-06,0.8567045353837404,5.596820721831414e-08,0.018168169505463898
254,301,0.4712897314835668,5.008530941685665,0.3846311283339882,0.01717981636026294,0.012096571341133979,4.318709823575581e-08,0.007959415558894258,0.00283094733259601,314.4234756113319,31.93696384534305,5.057455320685596,5.952351013225027e-05,0.6555503111669627,6.720244788257874e-07,0.018037184984934986
255,302,0.29403744642029866,4.492773795463814,0.6166731942536376,0.02787851172400356,0.019679219294883664,3.010154094830472e-07,0.003728960875331,0.0016921336932900842,42.9120612434616,105.12045885125077,0.45548020678545886,6.269547080195203e-07,0.40310260702007983,2.948261523159335e-09,0.3235037423896444
256,303,0.4627512097736197,5.214226201169128,0.40085857309313294,0.01801989759779101,0.01287341270525588,5.3786559041055666e-08,0.0005269618066349752,3.7981989026159026e-06,1981.0214610718685,9.907390318469536,2.625545182825286,2.749798019266057e-06,0.4492545062704516,1.8387807337578132e-08,0.0016168454039012224
258,306,0.4213482994111452,5.093763944385029,0.4332188126841319,0.019267702021634685,0.013467731447352565,6.729703454569347e-08,0.014041793158150928,0.00023887863960806946,115.34430005501463,85.85863960156541,2.1857418194869407,4.113952436189554e-05,0.21843248443050475,9.891045321521011e-08,0.22371701077212794
260,308,0.5071864381615468,6.092654661523968,0.3531310859169092,0.016440432515467188,0.011082894921907022,3.3202833763760224e-08,0.0034060099865751174,1.674214745893517e-05,155625.1726797948,2.0573578648088184,1.066726382124735,6.842715750360775e-07,0.49808258504771635,1.0102845021400547e-08,0.0009407302653298977
261,309,0.3015465827345453,4.118654836506293,0.6560548074272656,0.03153039577974052,0.02186926478576795,4.7518099758109e-07,0.005034314193176942,0.0006715348801574752,,,0.3454526485880114,4.577803876920199e-07,0.031205951376405708,3.1505986943952432e-09,0.09141972236342595
262,310,0.4007348643413029,3.6604081140582347,0.44640101887027867,0.02065003316754976,0.014120608134323125,8.495002324722412e-08,0.00491226916552753,0.00703038542943402,49.20542434731111,43.60202291452214,-0.1661465657547877,2.1347223506304492e-05,0.055478621048521554,4.5819738753261015e-07,0.061612295347690194
263,312,0.593582716006219,6.9351781528679695,0.2998314843395322,0.01387115555128038,0.009657602140111106,1.7941366201966042e-08,0.012824893272124063,0.0003509501985405896,3479.865874032038,4.790411313729087,2.9534872239647214,2.768826490505291e-05,0.9762302453759644,2.2403295595073623e-06,0.0010616219141618185
264,314,0.7836201650355108,5.946330460502845,0.2309229357128856,0.010543520693543878,0.007335662274212657,5.978568769697607e-09,0.0018846586040015348,8.991333284669136e-05,363895.264928428,1.9933913115136594,1.8691294812854191,6.876046845515965e-05,0.9762302453759644,4.8712436640810874e-09,0.002532569317249906
266,316,0.6157252509303746,5.167529582472081,0.2927053549303671,0.013174895871940744,0.009442634972320908,1.5475972665848358e-08,0.010255408821702585,2.927948103748081e-06,1404025.9915169503,2.0976628599288953,-2.641627083567442,1.1625734653361098e-05,0.40310260702007983,2.1426188243091823e-07,0.0028334143588523795
