,ID,Probability,Mean,Sigma,Mean_Error,Sigma_Error,Determinant,maxstddetrended,maxda,tlyap,mind,maxm,KSpval
0,1007,0.13319613599588728,5.587628616935485,0.4645927547716434,0.014737985100895154,0.010562560313403888,2.423315353063089e-08,0.0033998926463702592,0.033517033864980214,101.26691994949867,4.54441550999677,3.696733690881372e-05,0.066631276900294
1,1021,0.1812621921559921,6.003998891265977,0.32731367655201354,0.010287317330517088,0.007410424026146115,5.8116029389304575e-09,0.002670294520382678,0.000168218276533434,1619.878453147654,6.145564566973264,3.920643739246495e-06,0.5287957655456448
2,1025,0.1536873024953472,5.794417899192298,0.3859845825057551,0.012357847800834315,0.008755846799658346,1.1706008606229499e-08,0.0019894531513363197,0.00010939341530432365,1130.2872486927997,5.40984421860901,1.0816680199309342e-06,0.04101034574542122
3,1041,0.12759662081566106,5.730233646052282,0.4944148209272689,0.01532442653718576,0.011150162378524836,2.9195336134549267e-08,0.0010306340019046675,0.0006364676509732618,1384696.9858057904,0.7659639120636463,2.2880251531420208e-06,8.813667689418526e-07
4,10518,0.14406385756465107,6.46584927648276,0.4315974868702609,0.013325153401317584,0.009608321036307522,1.6381410779438786e-08,0.0007263180173109763,1.509411540696925e-05,90912.79222986683,10.796477302588873,4.7626428052777896e-05,0.006504852254458446
5,1052,0.1663052528396172,5.1924550625272845,0.3682525552620953,0.01172083982463627,0.008295011552343653,9.448781552529758e-09,0.00464357355047496,0.0009053064063371042,290.3833478604828,2.4429369295481367,6.530528083397596e-05,0.36319895384167805
6,1107,0.14447715119443333,5.698337564499874,0.4309962860661905,0.013765372619021448,0.009809904766089431,1.8225597373096134e-08,0.0007520021290657319,5.8292938215132074e-05,29635.600648550986,9.125142201925927,2.21736921376747e-05,0.0007946417313054703
7,1120,0.15075387665610945,5.006299557277153,0.4100360907530127,0.01272984824914032,0.00944835279483461,1.4467214615566754e-08,0.0038549131157060122,0.00036136257446344356,882.333755947412,3.224899820844164,6.163737697164876e-06,0.4585797916571766
8,1124,0.1367007550654709,4.1691459852752075,0.4553160260076288,0.014081508510728237,0.010376763940616795,2.1348398789583902e-08,0.04098748193881707,0.006584713670432457,78.24420921558048,0.5183252317133775,5.411935843311667e-05,0.004257726233544893
9,1128,0.09107022434246302,5.2192216488944245,0.6781408775274611,0.02129780687279175,0.014862131726139153,1.0003968806968591e-07,0.0014546003853066307,0.0006318409497421513,76.3393929935289,1.0813790467815436,2.4264056590727694e-07,0.01622507819557466
10,1136,0.19103040377333494,5.101767956912906,0.32347180804019704,0.010231712716826515,0.007123277632690606,5.309082900279157e-09,0.009114069683365178,0.0010858303332638734,261.526418713023,1.9663704781543276,6.30205412980706e-05,0.6406050184621188
11,1137,0.09588830874234804,4.858953345374465,0.6490934201388979,0.02046538959067909,0.01435176484171669,8.621446451588278e-08,0.013803298657073807,0.0011853602018662144,55.40170193242467,1.3425436396145454,1.1241369255339631e-05,0.007873852459750528
12,1138,0.08157892623640699,6.153955782849628,0.8614469682231259,0.027020831439101552,0.019738791880960074,2.8449248569470274e-07,0.0026812584369377236,0.00015974514411332138,3543.4570852876686,2.730772207064672,4.2910713351746796e-06,1.7403235373809475e-05
13,1169,0.17219674010441566,5.149209158227786,0.3604463720672966,0.011154049580360198,0.007873024866229344,7.706772248087621e-09,0.0035378869929178253,5.088718278645211e-06,800.6620638158525,1.7755696008047734,3.5091070370460164e-05,0.14408243524623562
14,1174,0.2516073175070152,5.258133978540979,0.2376191634831997,0.007587361564582398,0.005335613687706261,1.6390273180264584e-09,0.004115965382790661,8.595627682147832e-06,729.3658883508888,2.602727953237977,2.668740649537087e-05,0.3935265460267513
15,1190,0.12439029527758268,5.3115171838923985,0.4834707809728158,0.014815918228505875,0.010942477571671027,2.6263596932717238e-08,0.0026088100316068136,0.00014120037400454062,68111.45132892817,13.467555922992279,9.354543032096168e-05,3.487962799001366e-14
16,1194,0.08192340577461611,5.650086315172738,0.9189184333978712,0.03039744676171005,0.02206145497187895,4.495350545455225e-07,0.0037575404621896873,0.0008489913253535474,467.5366391605355,1.1409104817103222,7.5392239596326e-06,3.270180172357199e-08
17,1197,0.17361889630588673,5.090331492380466,0.3536350314697065,0.010947147665281914,0.0077275283508620035,7.156045429563144e-09,0.0022113500180376204,6.223102725867079e-05,213.97574506530492,3.4595244111584744,5.8353199515375346e-05,0.5287957655456448
18,1,0.17691824515816593,5.477042716451607,0.35252424165732177,0.011180673166115098,0.007764265166606472,7.53445235675187e-09,0.013408240655342935,0.00029544722858891603,321.17918775853644,5.218946960573217,3.485789928918549e-05,0.15955408974378898
19,1204,0.16250633354367325,4.332254986692478,0.3852226602669793,0.01182281847185867,0.008688669302548654,1.0550073280303209e-08,0.002793273711655672,0.00018402519614779683,71.02236552507686,1.2838231223917709,1.4777589752031964e-06,0.6406050184621199
20,1206,0.10526883994197014,6.800931514546754,0.6325589010050895,0.02058053068713,0.014640604034022968,9.077598425085996e-08,0.0010346526161976643,0.00012679716515930404,120.29019757995236,1.9284825241886598,2.8759142278543563e-06,0.2773604907552379
21,12073,0.117882129325228,4.5274571662159335,0.5267114436370123,0.016867426164860568,0.011672358824909392,3.876488143654689e-08,0.003394078619335108,1.655490134688798e-05,471.0652582880012,2.577666641998047,8.889531161491393e-06,7.435011662000994e-07
22,1208,0.15027739806371085,4.979603110017663,0.42931378360271816,0.013431295479954966,0.00934818412763925,1.5766433745575648e-08,0.0177923770775451,0.004714847610330809,579.9677776631528,3.4427920786965336,3.024776093681713e-05,0.28157331258093465
23,1217,0.3910474414872088,4.682305326732873,0.15498684206030536,0.004756196986721751,0.0035408507408419485,2.834543614870541e-10,0.003006953517785286,0.0011073913082657106,1708.4378524543938,1.0550501089921753,7.592175016682904e-05,0.036140949192793134
24,1223,0.08422894277662715,4.7042173446894715,0.7323987292445671,0.02298472658279627,0.015698543727028894,1.3015341721056105e-07,0.0033315120685195403,0.00792578098157833,232.25941154342055,2.2017608905477837,7.02926288290235e-05,1.1121111334268438e-22
25,1230,0.0944084897014276,5.4570528382556045,0.7688376412819256,0.025968406543153102,0.018039492648076104,2.1931299960297533e-07,0.013164004992666276,0.0007447174679356957,3275.919994432245,2.09217980222301,6.588457333488621e-05,1.1906146585894478e-20
26,1235,0.19499647330228825,5.118659783138557,0.3092619811933122,0.0096045269757052,0.007052396470104565,4.587978562913008e-09,0.00796132591228659,5.97616238038334e-05,6403.818287887708,2.117508218602581,5.31682118577553e-05,0.0018864859035887208
27,1237,0.12409332402699852,4.193935799285418,0.4945211828326884,0.015999392039145664,0.010760019457608502,2.9608314610533213e-08,0.005638564443246741,0.001943454075177081,59.252481207751956,1.3514762219690968,1.5389343062832048e-06,0.0002633953738135108
28,1241,0.11570270055545495,4.794259996529607,0.5303978593805839,0.01651495178558423,0.011428051344684014,3.5621782078392015e-08,0.008053035797550932,0.00016102199049527533,100.12442981276219,2.3061988889432428,6.388069011227871e-06,0.04644173907524361
29,1248,0.133875261373544,4.637510133132763,0.4642143541439949,0.014593554008818706,0.010349972552996415,2.280533816862939e-08,0.028774226747913113,0.0018329231888754023,288.7131917137774,3.7879734071756923,9.695545463255649e-05,0.018635955403807518
30,1251,0.11611684812022323,6.43689285629411,0.5268497172310006,0.016959988001425667,0.011729082041442244,3.957027299302075e-08,0.03609332077527134,0.0004899956898169477,4798.711393239771,3.2633070799443082,9.611546919439758e-05,0.3601481358816391
31,1261,0.19030372832584805,5.832039210661794,0.32213864931191183,0.010399048619498773,0.007052678841740359,5.367186764766944e-09,0.006345940272890688,0.00034115277956514584,569.1368724642491,4.282276885097659,9.080355673453966e-06,0.07435315680853846
32,1266,0.15862997055638495,3.779595129945784,0.3915698907088165,0.012077523388089796,0.008778017179657758,1.123453718172874e-08,,,,,,
33,1270,0.29123939149254163,4.34268299957731,0.2048315446039425,0.006416939110997049,0.004701889494416281,9.102509367510689e-10,0.0018840974461973824,0.001358298992279323,607.2483149856829,0.0898076396651597,5.095208661739684e-06,8.707341189686181e-10
34,1277,0.17682982632692065,5.0488396461695055,0.3454527476368867,0.011118928844934187,0.0075466930557742075,7.039068766989472e-09,0.0016980477216585418,6.618275263934906e-05,-255460.85920783205,0.33412323420536105,2.1112106257204906e-05,1.5983300621790157e-18
35,12840,0.10076674721625337,4.709327193138386,0.6180565982299585,0.019607806453783783,0.013718526917242829,7.236297480157026e-08,0.004513981141996137,0.0016128180157223282,138.74614246879602,1.9041243952868427,1.3551019997565965e-05,0.004257726233544893
36,1308,0.10120429560142437,5.589379359002866,0.599029676112061,0.018755672082172117,0.013637717344065091,6.541655288620363e-08,0.00029512677445668844,0.00011820527972508326,-112123.57928766623,12.160409644829766,3.112720524911687e-06,2.3260713450148163e-05
37,1313,0.12144184555631307,5.814025475761333,0.4899601459474866,0.0158797372098189,0.01095050552288785,3.023860041780597e-08,0.0025870219255493434,7.513097305919541e-05,10618.774983176296,7.491840513324151,4.410055873873194e-05,0.02432877672147371
38,1323,0.13133137582626314,5.917229608926308,0.4608282702168371,0.014831516558785538,0.010316519472935343,2.3376566529292233e-08,0.0002940682857042012,8.621123873675529e-07,1914274.0258068952,6.017614001069342,6.930386972680641e-05,0.7161344718258037
39,1324,0.12489062145027816,6.0600064593065275,0.4892763560028066,0.01575557177041888,0.010957405426316976,2.980761506549984e-08,0.009063613563349268,0.00013548478125567813,262.67261744776584,3.4778939192783183,4.1405191871580175e-05,0.12948712295553721
41,1337,0.14073067192623054,4.70643123496933,0.4396075553409687,0.0140410049673784,0.009921497784080809,1.940764663993851e-08,0.0050455137365832264,0.0006612421490306188,140.2576121097934,1.1330868359885686,7.1327757592871556e-06,0.4253468503964972
42,1344,0.07274830748811477,5.506039135248322,0.8645545075045254,0.027949119718939267,0.01988796182117569,3.0899988985837154e-07,0.010632260805232578,0.0003647312626230675,99.26966230680365,1.6297865694879476,1.7806289802565655e-06,0.00023399151912575927
43,1350,0.13056341215314066,5.821303468457929,0.465365611321147,0.01431775229375058,0.010429065494477498,2.2294039600110363e-08,0.00229036080273986,5.575101997168374e-06,342917.2718511774,4.036302756934355,3.7130867080530286e-06,0.0839055536070576
44,1356,inf,4.5561195007070445,0.06062266342765451,inf,inf,inf,0.0009117867503110513,0.0002846480951021973,262158.2628375796,5.2316561610666215,7.589609679750921e-05,3.6569977901477634e-39
45,1364,inf,4.704746532124256,0.0484023645737318,inf,inf,inf,0.0006157655763833601,1.3379954785876821e-05,-184511.3694172873,0.2218854492510025,1.7870945777867728e-05,1.0386480044592873e-56
46,1366,0.2774756374918857,5.229426780153744,0.2161489089768892,0.006868542488484521,0.00465757758000885,1.0231830467073163e-09,0.0017463609560976153,0.00023631328092890843,876042.9560201556,1.994973227962261,1.1182539713613054e-05,2.092366142190081e-09
47,1375,0.15164932162797112,4.7606195222247925,0.404595246044446,0.01287388071454871,0.009016147738499193,1.3474237774656975e-08,0.0049939472795974245,0.00033128123985193253,406.5797110073564,-3.9322403631970357,2.1791266599109592e-06,0.06663127690029444
48,1379,0.15829303160143626,5.30673524025146,0.3791438216995496,0.012018964552566005,0.0084811263696698,1.0385222907994457e-08,0.0010598340562288579,9.56912167168424e-06,1537.2396002205992,2.5115004630519118,1.4127161702417546e-05,0.093869537046765
49,1396,0.3515600217243125,4.126434719797174,0.17187021050110088,0.005583790758476066,0.0038666276566059633,4.661518503205988e-10,0.029959270121254936,7.691417216203818e-05,313.89471053358125,0.7886032733371691,4.9063374728152216e-05,2.4642615623295746e-06
50,1403,0.16658164226380226,4.959764573120863,0.3666343728345549,0.01161616309027697,0.008266025422292936,9.214790261807001e-09,0.005152938089022364,0.0005471594271835298,166.568619059174,2.3672798653443543,1.6339485770324113e-05,0.006772552391238019
51,1408,0.13097243416674814,4.5604626187993755,0.464624265576889,0.014171891588315682,0.010436608176364616,2.1878491993621148e-08,0.005792740019695816,0.004727127162118093,62.23832417258768,0.8159209336091697,2.84723173295153e-06,0.0022290255191332437
52,1412,0.12248185774832025,5.307253549995064,0.4883196589561714,0.015025859953468666,0.011261905783045796,2.8620287499622887e-08,0.004615738504035034,2.2209013573343486e-05,548.6799230957014,1.0565785790137823,2.9846580829526726e-05,0.012161668834344073
53,1424,inf,4.138168867963808,0.04359690849999742,inf,inf,inf,0.0009179675020622322,0.0007956833070540403,6720.17602128923,2.9310532510913205,1.1064763454428763e-05,1.1305345459086696e-12
54,1426,0.09173625681518084,4.5601363641586055,0.6575630967973372,0.020647025635239076,0.014795349058545113,9.326141879264721e-08,0.045866355369864435,0.050802313121047854,,-6.8125889265015624,9.654684272790288e-05,9.511096774201654e-08
55,1438,0.13586648091811668,5.166978667712742,0.4597226353100772,0.014598326338075066,0.010095395872204252,2.1719882231134798e-08,0.018950017908631628,0.002111232771757398,149.9974411045396,5.663870893734959,7.10858521505135e-05,1.9830357969296956e-08
56,1449,0.19824410130882172,4.6759420427035945,0.3169344740619721,0.009660438234123792,0.007372733828085102,5.0662563706837376e-09,0.0018349854499016872,1.6492228513414802e-05,-190185.9464198444,0.1418787419148828,1.877480788859892e-05,3.478664884303385e-10
57,1476,inf,4.343830068788081,0.01936742619486418,inf,inf,inf,0.00014924361474110895,7.001838675890803e-05,2799.8348490158796,6.164475317852083,4.59592735700855e-06,2.0923661421900587e-09
58,1488,0.1961798235756517,4.614081749033106,0.31833855914098075,0.01028409429151132,0.00729385040474421,5.623686512212067e-09,0.0015788196426831987,0.00012701127571442726,440.69241228531104,1.9287802004860386,6.684216064475676e-07,7.435011662000994e-07
59,15003,0.13984470748733707,6.750122093791986,0.4592870401107607,0.015075066091559985,0.010462900944239566,2.4872785294031432e-08,0.01054859481051865,6.344247420475677e-05,2131.10274734678,3.6514312155324467,7.851662628278588e-06,0.010660518344717752
60,1504,0.15850540830160526,4.118158787213681,0.3863278313354513,0.012306179699280623,0.008517851745360629,1.0987839315250283e-08,,,,,,
61,1507,0.1912079780459085,5.8095686479382005,0.3228835302729823,0.010261139067150336,0.0071988444265307485,5.456959588994703e-09,0.00036337776138457227,2.3729008746004947e-05,108837.5582659549,9.44963221720835,4.438674757901219e-06,3.5568899289384525e-05
62,1508,inf,4.1761666691317085,0.0029861639644740536,inf,inf,inf,0.0002670715063284325,0.00015383999898266337,73463.60055850679,0.356053830433781,3.913650885683696e-06,1.866449076853246e-23
63,1513,0.13280979960622954,6.624378964628386,0.4715123617921068,0.014713643740550196,0.010380110171005315,2.331754778654437e-08,0.002729670323383602,0.0010698840033695498,1381.3278573232767,5.755682233089516,4.335529926085432e-06,0.7513947314567848
64,1514,0.15596424315342616,5.661235664954238,0.3999430986765816,0.0125460622092244,0.008737916851102277,1.2019156657636188e-08,0.008601479499243952,0.0006856348770673958,27482.36320041091,1.6989077585318815,4.282045710419012e-06,0.018635955403807667
65,15220,0.16855200894736852,5.8118140894488,0.3675152655202633,0.011538167660454046,0.008241660430785216,9.03889669807624e-09,0.0025575086504280526,4.838857640298731e-05,6991.057035912971,2.35824622790898,7.101694342322188e-05,0.04101034574542148
66,1590,0.1270766659516145,5.2625828026703685,0.4826462291369426,0.015049625398960837,0.010894537812488371,2.686374993218856e-08,0.022541694399357735,0.009237741187604677,214.61433630279836,1.376847619188681,1.928869775509381e-05,0.02443690642416376
67,1598,0.18571959878486524,4.64422137611746,0.32200024137071137,0.01028686855693212,0.0071540813712819215,5.4161506243822706e-09,0.012621178275200222,0.000501479532693403,996.8901073265436,4.048893822161218,9.506055181924653e-05,8.117557315738234e-05
68,1601,0.7446795151969011,4.454134572022136,0.08212632322874489,0.002593820683411556,0.0018287161049119773,2.2497906636897913e-11,0.0010808245988781398,0.00033799030593218067,-124037.31611733246,7.877338567081685,3.0511739929807383e-05,3.500940542900874e-65
69,1613,0.1568842954727784,4.575097475226912,0.3780578916281284,0.01189815147606887,0.008603819426114996,1.0480491264140992e-08,0.00201292659647112,0.00034645782146544557,104.03253291267,-1.836717188581522,1.3506084517407463e-06,0.0022290255191332216
70,1616,0.2788885038065989,4.93030493952326,0.2226070852037016,0.0071688878892278455,0.0048257491554824,1.196911815479802e-09,0.003011992704296456,1.3648017313738773e-05,385.95983646084846,3.818584864839629,5.19256268559257e-06,0.33441587581529697
71,1617,0.2153472407368696,4.5625264954213405,0.2902900878426233,0.00897143056501977,0.006523476077192162,3.4240246293884216e-09,0.007492085827426229,0.0025470430153554683,711.8704364413154,1.4962895222872334,3.350282274839318e-05,1.2759244705675878e-07
72,1625,0.11044322305336253,4.619230571753459,0.5434666022173377,0.01740690919980721,0.012415356260957402,4.668253888111947e-08,0.04647000409126163,6.286315627206832e-05,78.14739800328452,1.8578253505257512,2.1457795361104978e-05,0.08390555360705651
73,1627,0.18402603600779968,4.1673512156021975,0.3329275138869046,0.010543318655789936,0.0074872167688686455,6.231600795704211e-09,0.00630327588212816,0.00026786312752262426,341.5807941808737,1.7113939421751154,5.424061842385033e-05,0.021361814881110112
74,1635,0.18891094646192733,5.4449460155508325,0.3205531240291064,0.010588761101535721,0.0072343875620686825,5.865505488168439e-09,0.006575454091621928,0.0005666972647820024,825.5775238082795,4.910501218330085,2.6073091764715295e-05,0.058987798640959474
75,1636,0.14275884042745587,5.076624312616797,0.4306851511677805,0.013320517847696077,0.009622123802514568,1.6413031143637825e-08,0.013661725247491083,7.040488810453638e-05,619.5025870532456,1.2044534292872555,4.983585712468649e-05,0.00021757390943629023
76,1640,0.6143187186208824,4.77065160384665,0.10053067220862597,0.0032176699488207683,0.0021359048950393964,4.719879163790071e-11,0.00084395104648517,5.494672335792927e-06,169050.37416299677,4.593236457127081,2.3939448025711344e-05,1.3071950068082352e-34
77,1646,0.1747885967267697,6.2440488204458475,0.35455965797815153,0.01133257537933173,0.007866729664199273,7.946481400292738e-09,0.0014943850557004941,5.725264849424116e-05,76879.92873386254,3.1831307471671213,2.669541999888833e-06,0.02443690642416396
78,1648,0.1289920021696639,4.557729118413549,0.4858712345312852,0.015429859610730476,0.010813577134073498,2.784181221260252e-08,0.008401041456290413,0.004210897680585073,,0.28062991447914865,3.9694690933667825e-06,0.02443690642416396
79,1657,0.2799748297371101,4.208127571183448,0.22287968813407572,0.006827850888899575,0.005050612626163657,1.1892075032045933e-09,0.007811613082656038,0.006174893654627041,174.15241942211506,-0.20409901730226931,1.3459509110512365e-05,2.993392997894349e-11
80,16588,0.13054224523293392,6.628334094759079,0.4593662001804476,0.014680043465848443,0.010345107457374452,2.3065710368568493e-08,0.011200060537514336,1.1659307682765355e-05,7120.800757232988,3.0950069616950593,6.331839490808515e-05,0.045915899707727754
81,1667,0.1289332726307755,4.889997608177394,0.4605657908913661,0.01496741394580917,0.010632387598298541,2.5325147292270102e-08,0.009990860672893226,4.4618760588921426e-05,100.21574184396972,3.019666480320705,6.013909834255191e-05,0.00021757390943628793
82,1675,0.08648367421763185,4.944495342535799,0.7272200802320933,0.022853610533099686,0.015735317491028876,1.2930719633975037e-07,0.0013149282873776919,0.0003571332994158675,555.7102765737485,3.136028392644188,6.005025615875907e-07,2.3324752261974394e-06
83,1689,0.16287088653784418,4.812001015167051,0.3845825470443008,0.012075975043053406,0.008536155217156614,1.061915423971872e-08,0.013043640142628323,0.007695007821781533,88.69039415593085,1.7375237511709485,3.34828288388702e-05,0.00011997384861381183
84,1691,0.11698642109956255,5.58847061370911,0.5256460913302138,0.016667842284643596,0.012154957477290758,4.104640789484111e-08,0.0028119997715339616,8.908120163275689e-05,465.69228005381837,2.1761954728762185,3.840368745318293e-06,0.010578451279885609
85,1720,0.17352836345345093,5.774961577478233,0.3522825057538888,0.011041114545480776,0.007935650330947798,7.666106589501071e-09,0.0015916235432848094,0.0001442327627109662,71889.71018137902,3.7666976630327005,7.318108507347631e-06,4.594840378979551e-10
86,1742,0.08240900656254621,4.722056170147144,0.7557028824375958,0.02312153856804045,0.016583360927298618,1.4699956614517726e-07,0.02301138883944856,0.00013570142671493753,,1.099454409201726,3.340000294281579e-05,2.7066903547936987e-11
87,1753,0.1708939436510104,4.271488354752831,0.3540952984854371,0.011100714195526277,0.007955882367559265,7.798050542373789e-09,0.008944203726553192,0.006798338351217794,254.96780810298466,1.6371713490709046,7.453824363908366e-05,0.018635955403807667
88,17641,0.1596378481771691,5.451227707691476,0.3899056749900239,0.01235959201524341,0.008995104714408756,1.2358721353224345e-08,0.0019067216852038523,1.9853483621669805e-05,5233.774618457731,3.8585158744318635,1.582612205525736e-06,0.09386953704676387
89,1766,0.0147920047937286,4.204028735237995,0.6210710839206506,0.01420931044748439,0.009755497129627594,1.9213896663663826e-08,0.009638289967328031,0.0102727477346954,,0.36215438732462846,3.1081888464463852e-06,0.07950346037201513
90,1768,0.03778205663253044,4.262204686002707,0.2529195549060189,0.005546297601594878,0.004076970763389385,5.111922396237804e-10,0.0031698719441133534,0.0030913789098143208,162.90243599294305,-0.04493285106082556,3.0008805424712935e-05,7.730579950943773e-05
91,1775,0.14696721912231986,4.577926237951929,0.4151895377893848,0.013166182994966276,0.009338255048523612,1.5113240888535723e-08,0.002329594568804799,8.482975005824153e-05,135.67385846632067,1.8885629266105597,1.3794128536684433e-06,8.197738507275195e-15
92,1785,0.12579576426372216,4.221740620902648,0.4826470164078053,0.015097402269267528,0.010990511394949672,2.7508292838518484e-08,0.0026739194926136364,0.003818559137498115,378.9504204553693,-0.9349473096504565,2.3881858307433916e-05,1.5831580440513995e-12
93,1791,0.16924503372106275,4.2208207431271605,0.37198843178031465,0.011797800565585504,0.008131696415443524,9.198598959513896e-09,0.020106887250350942,0.0005071654321133769,,-15.17890072744777,2.6385649126940336e-05,0.0011297938590411147
94,1796,0.1529423860438046,5.6088217986963365,0.4121563557116169,0.012624637198623282,0.009068416578569395,1.3094170864799107e-08,0.0021918648416528424,0.004438567092332882,-1263481.8469007264,0.7161141469030936,7.3913422708792e-05,0.21350950213515998
95,1799,0.2234809662402949,4.409678243075256,0.26818384892434993,0.008506750202863034,0.006176457603401028,2.7590795001649185e-09,0.0037489474328409925,0.000267988553809828,105.27016351664882,1.2052117876309434,1.046443206180721e-06,1.211614696292395e-05
96,1805,0.16884571418320876,5.227109054787194,0.3661791950692147,0.011286493832289256,0.008298326594989596,8.772876024238745e-09,0.0013824787203133486,3.327910785566602e-05,6049.583428647204,5.118036626180027,2.8017323159700493e-05,4.432593403766882e-05
97,1806,0.11503523135284935,6.677711752245496,0.5524887033163671,0.017471073997813426,0.012701350302556336,4.91541011456529e-08,0.006317536260308599,0.0003022781882195642,103800.84029934635,3.2040130689656303,8.941927397528326e-05,0.0036567048671105984
98,1810,0.09704098581777676,5.976220899510406,0.6260337000573368,0.020202746928414464,0.013843214543252087,7.822359294330583e-08,0.017533385261283015,0.06401874998481186,,1.2453594512630919,8.762593404199895e-06,0.8821338458560041
99,1815,0.15718748147197095,6.594809297178813,0.3986931957697525,0.012288218130550171,0.00895331506220345,1.209847854992717e-08,0.0009936294691513814,0.00018158257320854965,6589.934632302157,7.172262479216148,5.702316736503865e-06,0.005779434509202482
100,1819,0.5710899889131071,4.3295046948614635,0.10457658671646013,0.0032974537790459763,0.002360070283276265,6.056244113113628e-11,0.0016437319991659503,0.004804171266849437,242.34203471319623,1.270048342082351,4.484823609560056e-05,3.55953990978659e-43
102,1823,0.15600223759020468,6.024727281197637,0.3881122176881151,0.01215640466544731,0.008974727232143738,1.1886230659767825e-08,0.0011692973371623392,9.036259777472918e-05,143.0613963765279,3.9892830865943667,1.0941960381484314e-05,0.15955408974378898
103,1827,0.18053769606080025,5.727760150501583,0.3382818316184761,0.010527303058479369,0.007571762588803381,6.352887971813581e-09,0.0017829281680667762,0.00012492574707223785,7971.973031650721,2.981709961694452,4.712319087018038e-06,5.395162582319687e-05
104,1829,inf,5.1318963109599816,0.03978244174899464,inf,inf,inf,7.137124294813792e-05,1.4209338261471441e-05,-3622594.31898398,11.901273064852218,1.1505747071419255e-06,2.433577015493499e-70
105,1831,0.12361701118182067,5.756450261067356,0.4882819828311162,0.01536867820531565,0.010902726902421821,2.8065813482186133e-08,0.007792530109964496,0.002903135641349996,308.4704478524023,1.018802636116234,3.481075160791818e-05,0.0006537753304427822
107,1837,0.2453691905044182,4.259302677588123,0.2489814546502382,0.008040588764924856,0.005661844185088318,2.066516308275649e-09,0.0034319289278657073,0.0015440225385216551,381.62067850350843,-18.57742853756248,3.34682308803898e-06,2.0366052200185728e-13
108,1838,0.07722562367753236,4.7621839630930065,0.7901553553360774,0.02442407050443428,0.01796772175229139,1.9258138223328183e-07,0.0017579094920051439,0.002173958413704073,81.94556700560086,1.391855318595943,3.245576384200566e-07,0.00038039391299660445
109,1843,0.11418321418203382,5.128922523459833,0.5210423895677649,0.016714936233499744,0.011699636172352174,3.821350624313396e-08,0.02198103459048082,1.5412101976159058e-05,478.82058066551014,8.950472140862361,8.617471931811506e-05,0.00011997384861381034
111,1850,0.09473532081928812,6.157262092108186,0.7329643926457078,0.02311455866360353,0.016724257334031992,1.4916222461012658e-07,0.010503422769346843,0.0028281875912483643,470.59762712009103,2.546242497418351,1.7939048891408014e-05,0.0030112299275286895
112,1852,0.10458705323368248,6.555698551500544,0.6037674574116068,0.019372442965330017,0.013808845402470064,7.15384068815022e-08,0.003640283004666938,0.004921134759967363,,2.503507464552423,1.0841824993124866e-05,0.63362824211281
113,18539,0.12210795383916162,6.816452801641014,0.5168242121381057,0.01690947642769522,0.011900830836449026,4.045549886641456e-08,0.0004514589275075664,6.558725281812807e-06,-213921.4434611602,1.3745020166506299,9.06086058692458e-05,0.34233173219947044
114,18651,0.11965940723387365,6.639375013573233,0.5070457058751704,0.01612796611258682,0.011231031478454402,3.2790658144360833e-08,0.019024897638444765,0.0014429114634307108,-24311.681771888674,5.0719649097445485,8.110175581454396e-05,0.06663127690029483
115,1875,0.0897379144987528,5.058045441737497,0.6575469530865689,0.02111822038483142,0.014806164092212004,9.776923068195534e-08,0.007445511923280967,0.00037810057153977425,92.37241479035438,1.5262512861149764,8.498811143145377e-06,1.473457863752132e-05
116,1877,0.08873255292393607,5.636009537006335,0.6859510072105969,0.021966348903997682,0.015674625438115406,1.1856409006797108e-07,0.006012233727792938,0.0006421740008673606,231.52649989694794,2.5705344931243936,1.98152401154236e-05,0.004101628225438016
117,1879,0.17957801681682553,5.47713283860526,0.3365948718281056,0.010558832699305612,0.007422175249544606,6.141882055516272e-09,0.004283589227225563,0.003661968488300634,952.0341902283824,4.495095501214449,5.63221280104449e-05,0.0030931645886905466
118,1880,0.3156058098676917,4.566019415987699,0.19764468709398075,0.006183721840971133,0.004452413957341511,7.581132216214066e-10,0.02341959141024476,0.000327682337828615,257791.2807992396,-0.04590093352373292,2.1959192432236925e-05,4.3703056870179446e-42
119,1886,inf,4.694589119443479,0.02026185739242441,inf,inf,inf,0.0001932992831001964,2.313358892394875e-05,5745.4681292564055,8.78069195421676,1.219912290988867e-05,8.270878275321206e-12
120,1899,0.14774390126896356,6.4866179431218844,0.4034175645909895,0.012932777374521115,0.009191859583806996,1.4127470500740129e-08,0.0006652398935115663,0.0001375725394950639,127198.88303138014,3.1234194590865867,5.287258354979353e-07,0.031257996330121864
121,1900,0.1420372704625763,6.634320355509298,0.4291947224804563,0.013414023548343972,0.009716063348167148,1.6978189069138504e-08,0.00039672953301715593,0.00020018563659942494,-206855.11868160468,3.0043485971958335,4.213225586317269e-07,0.6028025867269045
122,1911,0.16086856149636147,5.1313415612693225,0.3823534014940483,0.012064712299120643,0.008518625611829679,1.0562435115164021e-08,0.006487149399597172,0.0038743311427392527,152.4190629785997,3.155668679016582,3.2003204893304354e-06,0.02443690642416396
123,1913,0.11128515697512632,6.782124387711033,0.6261310192905551,0.02067993485539127,0.014456194745341646,8.937289688724614e-08,0.00035419077021326464,7.444881540916714e-05,658.895712216308,2.9506586569877107,3.2289614350191157e-06,0.823718728068036
124,1918,0.18960936129775915,6.201519542053381,0.3252172982480697,0.010259777284964385,0.0073019548196490425,5.612960236874849e-09,0.00037078952436521906,4.381660761543227e-05,424.1680257730368,8.233352334231856,6.787983046655571e-07,0.058987798640959134
125,19197,0.12366348422662672,4.916302296007316,0.4880447877494703,0.015191059731688912,0.010859756114330993,2.7176930409091466e-08,0.003370919828506806,0.0020803345571856345,62.32243333093728,1.021976700601635,4.2194435295337945e-05,0.05248612113537969
126,1922,0.18596379010735906,6.4207968779553,0.33837195962233485,0.010176926668729623,0.007723803134456414,6.178426005648885e-09,0.000590403835082705,3.367176256343934e-05,6387.5237019156975,4.6783921362286955,1.1310720893369748e-06,0.4253468503964972
127,1924,0.2417753077279398,6.432315133696682,0.2475205189825414,0.007848933173845687,0.005736741784739935,2.0276227901071094e-09,0.01156269614968455,9.702097060779551e-05,-10590361.923679221,0.9774212255090453,5.278283811963489e-05,0.005813519714986045
128,1928,0.15488097707919068,4.6761932936776915,0.3880659894261986,0.012675997993296264,0.00871240696455503,1.2195923112409076e-08,0.033107013230544644,2.9277825399799986e-05,8818.503069540031,-2.3059916551254203,5.905282892467285e-05,1.1442532060332325e-11
129,1929,0.17068901104292722,6.7963485168544935,0.360470457674186,0.011545994374749971,0.007723968795893299,7.940991481011371e-09,0.02036697563860232,0.00010347697546497778,5303.986786324152,5.099335447071884,2.0069731347041762e-05,0.07435315680853846
130,1942,0.10954766123255387,5.111159149774932,0.5570179247757637,0.01727222099996323,0.012559299415009106,4.70590789858256e-08,0.012248823340216935,1.624284445944646e-05,2460.2914499,0.8482997009053193,3.4430129207883414e-05,2.919210547889638e-11
131,1943,0.13971942520487665,6.344414732464164,0.4367698077942094,0.013797172441043514,0.009788037944799786,1.823936294130809e-08,0.003415892525835729,2.655591111197933e-06,39668.354517564796,6.30526131065375,1.2188053813305138e-05,0.05919719937924283
132,1946,inf,5.122046548870434,0.015959877728266722,inf,inf,inf,0.0009808142355067872,1.5339478125708804e-05,2657435.480056735,9.37579668376317,4.663219257760955e-05,1.0124820110490479e-25
133,1954,0.1538424560376683,6.965042860169119,0.4259573039449445,0.01368469354763547,0.0095981097678432,1.7206560747400537e-08,0.00443613071102576,2.758243730816011e-05,1049.1378332689321,8.796799729645564,4.967682230980889e-05,0.8108447773050915
134,1957,0.2604613034437175,4.6473926889185755,0.2303781210069674,0.007360297701275487,0.005286626057388673,1.514199588761136e-09,0.002624580576986342,9.160184630695651e-05,3070.6495923005696,4.699731609129134,3.1112712412547735e-06,7.107891836988994e-14
135,19591,0.12957916772921274,6.186539220566393,0.4654918886905984,0.014864073748293847,0.010367052842203944,2.372739004688053e-08,0.00038480380901630997,0.0004215297118536073,516.3510241021144,3.5040004517244974,4.831207848829426e-07,0.39352654602675474
136,1971,0.07360466671862312,5.4088854819769905,0.8092244732949039,0.0256534389158849,0.018321234526529825,2.2082386861654625e-07,0.0008682701334909979,0.0009725333266482614,95.35979065100948,4.314736797029461,5.457005024010179e-06,8.583852745037577e-08
137,1979,0.019521871635671748,6.054999918576428,0.5127944958919882,0.011171120347338387,0.008225343213119614,8.442238696396572e-09,0.008429052975776669,0.01051484081598031,-288915.8947682696,0.6074709464609935,6.670043990560559e-05,0.016837656561178506
138,19898,0.1559520796452547,4.878607969431551,0.3903653846522062,0.01227093994991341,0.008777195181407717,1.1576899785721578e-08,0.0014004466746750245,0.000894912925567435,86.06829353802945,3.6200559254311075,1.2381673896100151e-05,1.6512426018319553e-07
139,1992,0.24199728170661464,4.727600131306162,0.24744033595279946,0.007937919387873273,0.005632829537936581,1.9959824678187342e-09,0.0006714787835090482,6.652703088359231e-05,-1215915.1407553877,6.182490998969335,1.3872926371091192e-05,1.4298785797270848e-30
140,1996,0.09502534309994616,4.8696834899212815,0.6309686181333655,0.02061358627876606,0.014250341942267581,8.611439340737718e-08,0.01528622812351123,0.0010355121475481568,63.693887929250096,1.7634119798548578,1.8556897718462504e-05,0.0036096919759918272
141,1999,0.11084056252908148,6.36934310949901,0.5605549625755153,0.01743322379471414,0.012235577854016369,4.5502983545357536e-08,0.0001322172813943345,2.6504917991496284e-05,969.6318386953016,5.799529392849656,5.000455036102234e-06,0.15793552415493844
142,20041,0.1527903986422662,6.16119194288367,0.39606273622530375,0.012875343825086516,0.009013933149978445,1.3470661562315661e-08,0.0013639593021933186,0.0004349841198430871,34627.74414479036,2.4823310755024917,1.167971322920128e-05,0.3625893070977511
144,2010,0.01345605778259136,5.2883936840407735,0.6867812477602179,0.015085134247247946,0.010763957044467705,2.6368297895162015e-08,0.0033175034664273437,0.0006167407794922463,62.618307317171315,1.7602527047049317,2.883749520284568e-06,0.001541280268395529
145,2018,0.2017707992213303,6.201947769831816,0.3021332190765457,0.00953422590936876,0.006763279415261739,4.1568360615015554e-09,0.001565246092436569,1.175467071757324e-05,12473.869098577967,2.399153147309505,7.629174034003091e-06,0.393526546026753
146,2030,0.14320195906392186,6.322620891528403,0.4367397953954737,0.013659489235921354,0.009812022006980536,1.7964456376209347e-08,0.005210103648815071,0.0002641006233152234,-8221.345347663499,7.4467893843737265,3.1821189305503913e-06,0.1583398465442141
147,2032,0.16623600876120898,5.318403598255238,0.36355299285901066,0.01114052718548216,0.008216878266195523,8.377138616867912e-09,0.005151618085819822,0.0009349216032869989,3942.8575861389027,-2.355795728269719,3.042866783260262e-05,0.49311268076746967
148,2048,0.17944080633919662,5.410262717186217,0.3464877633509659,0.011190420275344792,0.008027099380709097,8.068414032714534e-09,0.0014227442148008575,2.6062120000758478e-05,-23170.183154428814,12.763086369455925,1.6105069541946226e-05,8.70734118968615e-10
149,2059,0.0824903185437175,3.478492331154254,0.7309471806871278,0.023432308370638723,0.01679683915972171,1.5486863013127046e-07,0.004888619523646266,0.02050198519313197,97.50720352855353,0.7834740752575104,2.3342875241469546e-06,2.1326445737279025e-07
150,20620,0.10381109701115088,5.419119762874637,0.5700620299713973,0.018264113907255138,0.012861714321630623,5.518718982395705e-08,0.03731155416647349,0.0006614434488436681,207.74127841762652,3.542215741987298,4.720877606187025e-05,1.1970477159453465e-05
151,2062,0.1656326667002753,4.941913632661733,0.35872598720574284,0.011364203326440229,0.008252901117526466,8.796537664004082e-09,0.007939048219314364,0.0004425501873213911,369.15669035543215,1.3765367041595553,4.4381862554247585e-05,0.006772552391238048
152,2063,0.1281598012205822,5.525289172340844,0.4702453138152645,0.015029011974130388,0.010514058249970828,2.496853169185453e-08,0.005826657380937707,0.0006361308128867988,485.7339073791706,4.995749133746093,3.213595469641378e-05,0.4253468503964972
153,2066,0.19319853137439347,5.2246486836999955,0.31426904956968604,0.01006817148646628,0.007083352782572157,5.083877515226201e-09,0.0014006157007168442,4.316215751228064e-05,338402.02714181755,3.3254780424070285,1.369036414463234e-05,0.0005544089642719564
154,2077,0.3459432201597784,4.63712496604117,0.17827027807256168,0.005741425974162714,0.003955773704168247,5.153683922992583e-10,0.005407911880532366,0.00205992123145573,2286.1158068792274,7.368749933153557,4.7618984597746606e-05,5.626001808829623e-11
155,2081,0.13181809623191015,6.705737323018514,0.4835677522698755,0.015392148832759037,0.01105053655501056,2.8924269733697224e-08,0.004359845326854675,0.00015921939784169068,244.9062739658891,2.308602366348541,2.980072214294723e-05,0.6323477421600452
156,2083,0.14246234856445178,5.5498884905442685,0.43700172142884,0.014418390289079975,0.009635159311975072,1.9301394542063193e-08,0.007359737444730351,0.00015764644232529876,163.4221369925534,2.278218655876816,9.489588005449004e-05,0.7887807460454146
157,2087,0.20769965346796776,5.831947967082003,0.2910014895575516,0.009163656231215813,0.006754898061752728,3.8317813115362105e-09,0.0073871020404742156,8.467895275034531e-05,2894.222337107172,3.0853051966560905,2.4183370735866596e-06,0.25751117551495134
158,2094,0.17963965674870025,4.487030307646827,0.33953469468696656,0.011081383698268409,0.007713395702027253,7.305894919118083e-09,0.0027355149939639603,7.439817000950445e-06,1432.0736576674178,1.2052673988069493,4.6651589861659115e-05,0.00021757390943628947
159,2095,0.1296049904457804,5.162444156873923,0.4616418636315247,0.014689824369105691,0.010727363330509556,2.4834652824628686e-08,0.003991811655747911,0.0006363127162981624,892.2659884684431,4.564955536910768,4.51777461449761e-05,0.02443690642416396
160,20972,0.1777075373205083,6.1332570837918965,0.3407352645589653,0.010732530193977506,0.007844571015345421,7.0888942122841325e-09,0.0018317690993070585,0.0002770827292149068,3273.635469534525,5.164169188781247,7.507534292853741e-05,0.11610656636700101
161,2103,0.17984010401961725,6.038179323113135,0.335927380019584,0.010619807261641221,0.007573643186471148,6.4695110449800285e-09,0.0007274511919635899,-2.3668485854555488e-07,529522.4177278705,5.082657899018562,2.1582036249912293e-05,0.0026284407743365737
163,2107,0.16215968040175607,5.5664975174957965,0.3762267176015476,0.012062701127769904,0.00830637687299696,1.0040163866270212e-08,0.0011801089100018536,0.0003096954179228062,3801.4496095037907,5.615356117872268,9.808032724265602e-05,0.009135742413028395
164,2110,0.14713144281915155,4.935057685756783,0.4146194115820509,0.01315424071038114,0.009364024628410976,1.515783679182611e-08,0.004325921523627377,0.0002129578054883562,282.5243760569243,2.6435198682669907,6.613122946251956e-06,0.010578451279885692
165,2113,0.1698959539271412,5.031908414207956,0.3586283391882295,0.011464010946082214,0.008217942667419795,8.871603642911287e-09,0.0033090053743772335,7.727839006644881e-06,367.92943359356843,3.4600319401748116,4.604885638074909e-06,0.036140949192793134
166,2116,0.130993353274277,6.673899483993522,0.4962793034119233,0.01579051704087476,0.011422888275919448,3.2516713904027264e-08,0.007364527290780182,0.00011020889574806428,-567510.8967988637,2.8366348570778563,9.072232856244983e-06,0.011578071347281975
167,2117,0.1687463790602823,4.194540493922822,0.35834539821753303,0.011225750630538106,0.007904291955788206,7.868837879061705e-09,0.01684100016761045,0.0001688439141797767,85.29915048762444,-1.9525542627472887,9.793585726880297e-05,1.5077108787392942e-08
168,21,0.1616152990889572,5.951109253215231,0.385495455748232,0.012146366537599795,0.008538916612084292,1.0758092499998308e-08,0.015595382571446251,0.00029485503487391973,1380.5212589187458,2.812729149633564,1.1730074560477507e-05,0.010522768967561198
169,2125,0.09476447794713544,6.338776048264121,0.6872993215147418,0.02244620270311944,0.015797518929856834,1.2565793250312539e-07,0.007438940061735822,0.0005274381572316445,170.2946101808902,1.9987159385919657,2.0325883492452004e-05,0.14551399753811334
170,2126,0.18010330736976818,5.311922445498758,0.3391042789154567,0.010803377146789549,0.0075267224072811684,6.610523646493481e-09,0.015020734714632148,0.007762117298702445,,6.314813932615541,7.917011181536068e-05,0.8547289084783269
172,2135,0.15485782098736986,7.036378699515582,0.4222715186126891,0.014076350461619303,0.009579595318767922,1.818060084087496e-08,0.0009848763871590483,4.571400747984375e-05,120793.37499582721,7.757360617564917,1.935079379067354e-05,0.4692013115510739
173,2145,0.07949927861231436,4.558606503605517,0.7643419829256747,0.02440637713436929,0.01736297277873049,1.795930069479981e-07,0.013943804470931808,0.013686683200412204,,-6.388368130157842,1.2771155025827475e-05,4.4697394278920955e-07
174,2147,0.12405481075769392,4.981976874541663,0.4961975541591816,0.015522832596320145,0.0111090459091533,2.973536404779113e-08,0.0017467246961589563,0.0009009495787915738,5704.937211481752,3.879779319677138,3.0654508522620327e-06,2.46426156232964e-06
175,2159,0.062057884140601635,5.161297454099369,1.0599009580739802,0.03451026975461316,0.024555102712671438,7.181280415929239e-07,0.009556234811770384,0.04225100455990576,,1.0702815148109632,7.964404773762199e-06,0.04171790425246324
176,2161,0.13088509914942642,5.461973163717955,0.4644329757260716,0.014540726183371428,0.010480892319751179,2.3227333065301483e-08,0.00042033000763344694,0.00038312126516010643,-1085708.4039994548,12.181587401379046,4.585734036194704e-05,5.815636944810527e-08
177,2170,0.10625984823129128,4.636929657666613,0.5663016936888885,0.01801026018788251,0.012556424419565764,5.106069557943057e-08,0.023548079480375593,0.02653508285688079,,1.253853907961933,3.554509274000284e-05,0.014097547738750856
178,2173,0.15409948411171606,3.7865733213403145,0.39444077475999867,0.01250272121516407,0.008820405943344075,1.215619247288442e-08,0.02005887495144043,0.0051603598458085645,69.27537084923634,-7.769869147203958,1.0412082992309534e-05,0.003632700069942548
179,2176,0.11991880474976473,6.219650644140128,0.5190544965327822,0.016540768856613104,0.01171436507392308,3.750523261882688e-08,0.0055158149634678315,0.0019981255172208936,6349.629575974722,2.7977717332712366,2.1529318637757452e-05,0.04521916785800405
180,2179,0.11904339839888205,5.822735673953482,0.525422655464785,0.016397236458718566,0.011980753145272327,3.8592661431335714e-08,0.03048062487196506,0.0015706841463460647,,1.0948607799914778,5.187288851761558e-05,0.11610656636700101
181,2185,0.11708422706631533,6.304089983536287,0.5657218714754213,0.01797322998112815,0.012963576674481812,5.4287641389007925e-08,0.002180056928241326,9.623179070273009e-05,1058.4329780862065,2.894591979545089,6.899754586040446e-05,7.978825527985161e-05
182,21872,0.1549010722157536,5.195817269790659,0.3799226498108634,0.01209775132348018,0.008513656547703178,1.0606821650195933e-08,0.0018934158503095605,9.113485980849281e-05,2624.8380717851096,4.747438155695813,1.5716089418916627e-05,2.879293182699657e-05
183,2190,0.22310600836818803,5.508484209525833,0.2673458187614716,0.008450314182499698,0.00602718023037162,2.5918141452361114e-09,0.0011410908855328176,0.0001522227933161702,1213.2222252769227,7.049637727958578,1.5816782040460356e-05,0.002628440774336562
184,2197,0.18642364515485196,5.124988479605075,0.3216541394053572,0.010067691570988644,0.007174131858245196,5.197911207074232e-09,0.0019095355159548485,0.0002987224637029716,1324.4884722126044,3.2205779632513805,8.619735076753925e-06,0.10480344582370078
185,2198,0.13380927146959254,5.595633653036659,0.4318043976822568,0.013767408235644093,0.00967255881059422,1.770864988351028e-08,0.00039091498732544955,4.499627995402826e-05,1070.8874272834942,1.6024293165105363,1.4764051847969677e-05,0.04085017173832371
186,2203,0.13789552439953925,4.557399137695269,0.4539033682035985,0.014027333993261537,0.01017774837357207,2.0384116667807482e-08,0.013818215595848003,0.001712397263910412,158.04347900219534,2.390572870317317,6.981976453924851e-05,1.211614696292395e-05
188,2206,0.21831605981566585,6.708232712693839,0.2754504473739298,0.008642159822774048,0.006240295847432764,2.90554435848186e-09,0.001669437594040152,0.0003114399075693218,453795.4397097696,5.150928444493423,6.23808037626687e-05,0.02126441238942977
189,2214,0.17747919362156625,6.8514850162569845,0.3643948375961617,0.011767371812928541,0.008663974771947946,1.0385395201247177e-08,0.011646308524081205,0.0002896861766131303,-69632.05058523583,1.2560381317769576,4.996266271379924e-05,0.00012511199954141425
190,2215,0.3082108668662385,4.470760228230592,0.19486449652533372,0.006318014960165054,0.004406249664638507,7.745324856217303e-10,0.0011194319194437572,2.1666441510057334e-05,366.3537376236984,7.7428758366998025,5.5801310941271866e-05,9.033012720339047e-56
191,22,0.11399996578772935,6.02552059482665,0.522868662701371,0.017081764721008072,0.012004554243901023,4.1943552007870846e-08,0.00017267871246865195,0.00030621631119153787,426.3352716447364,1.526315876023323,7.49252394311766e-05,0.03165308249772086
192,2220,0.082004439379466,4.9659616819905485,0.7404092191580776,0.022589420936419132,0.016734362032338475,1.4277464630716744e-07,0.005741533754645618,0.002422725999435465,60.54614284427673,1.0007598760243743,5.918527511879374e-06,0.0030931645886905466
193,2222,0.1786427553453152,5.370836988336419,0.3460045434247485,0.010925225859169337,0.007672928215529173,7.027915637709917e-09,0.0005285402247728613,0.0005470547946552411,567.3240889631096,-0.7769291143158065,6.851538197531803e-07,0.10449291266456641
194,2223,0.14676595202803264,5.7512806256012405,0.4092292207063613,0.012881994337626384,0.009561796305106552,1.5171068410074887e-08,0.0003993885667752606,4.411478001881766e-05,2506450.2857459974,-0.10218381482413486,1.7275828011968607e-05,0.00014756018718906227
195,2232,0.14768712518839788,4.945486939249612,0.416215970741164,0.013437039497999771,0.00935634301316909,1.5805742530749948e-08,0.04699721510746499,2.3983203997546283e-05,2934.3741597725216,2.7549121649524984,1.747996457750093e-05,3.1126684947704105e-06
196,2233,0.17874475677680074,5.997900256558101,0.3372425703662573,0.010492649228862987,0.007589827820106225,6.33971301242069e-09,0.0003154266673740688,1.4618061547080959e-05,397623.2615171867,5.1869768532561595,3.2117448171968817e-06,0.02443690642416376
197,2234,0.2041993446060177,6.1752344155503405,0.29935294541874463,0.009566023433336231,0.00668372120980477,4.0876060555747185e-09,0.0006566419989520426,1.157781059281738e-05,9463244.746706303,9.844448044597527,4.4719776966071874e-05,0.0036327000699424767
198,2241,0.23248130668481065,5.09096440959463,0.2576350121819386,0.008066577596840666,0.0058362959508964475,2.2161930352702626e-09,0.0003578441502659007,0.00011074977205247236,12182.707550039277,4.064123314198738,6.10151302769069e-06,0.052486121135379205
199,2242,0.08921595211859604,5.866947691749356,0.7028651349984001,0.02279350614758511,0.015407291422941187,1.2333680348954347e-07,0.002872450228694299,7.065709906717288e-05,372.3128680502206,4.599365993774253,5.255947602496932e-06,8.150879768650517e-08
200,2248,0.11082198231330273,6.053185022713285,0.5744492246750591,0.018243491169110348,0.012862571782517368,5.506700325907215e-08,0.014296799091851865,0.005344503374328459,,2.376204477203327,7.456651452352482e-05,0.0265961543267322
201,2256,0.2069683670440441,5.173884861178403,0.28972741003662056,0.009092480002068436,0.006635728930852547,3.6395786118241026e-09,0.003207723892113297,2.7667156932481022e-05,432.9142553074423,3.1289229381128063,8.552371471306908e-05,0.6785103823828891
202,2259,0.17251359851504894,5.931589021002228,0.3499447582494065,0.011335762373427288,0.007711050819473886,7.640629758392178e-09,0.0027938150385225244,3.264772427613584e-05,15105.588012275477,6.463367621242682,3.1780881081278746e-06,0.02136181488110996
203,2264,0.1982975202467529,4.668767312063741,0.2983716821667205,0.009520911635857285,0.006983133038461557,4.419381175104653e-09,0.004925265383351272,0.00881175280824863,,3.404493419793326,9.950466817819854e-05,0.8228413328247728
204,2274,0.2842949163343494,5.552580805734421,0.21759874863773498,0.006712336288197536,0.005049610777005454,1.1480113962430965e-09,0.00044672264322749604,1.8656858714050095e-05,-954252.5334660808,7.744788824962917,1.4324467463329017e-05,5.926343263845288e-17
205,2278,0.08498968231952563,6.139367149403584,0.7833117183421567,0.025597137631536118,0.018688151214443283,2.2806552781811384e-07,0.0015547333675132512,0.002024200039141469,90.91473591340055,1.493486267076734,2.654348734204135e-07,0.004792184178316335
206,2285,0.09655986344023552,4.247982997365268,0.6207704930392975,0.01946330518262109,0.014069097761778766,7.491233872347952e-08,0.008699634431160048,0.007909465826184018,,0.8855587241012848,1.1035209362024643e-05,2.1326445737278948e-07
207,2288,0.18235549542783855,4.744306535686817,0.32872756680885984,0.010219290047291456,0.0074052511233298765,5.7210772053540524e-09,0.001725022582904562,0.00037677967326588135,47147.906142423475,7.191028695593104,8.186460741895772e-05,1.1185268619166503e-32
208,2296,0.1143092746985631,4.616695266039464,0.556117242904184,0.017173686695281475,0.012358168036785437,4.5031202955104286e-08,0.0033973655310154216,0.00045314353658622915,257.57623864591824,0.6640582929820247,3.125939200993077e-06,1.875347926292829e-05
209,2299,0.07166792840059928,5.180734359941449,0.8644300346328134,0.02702821094007636,0.0197029146005571,2.818169108419002e-07,0.003548798471429,0.00041219272730332176,77.66527577317608,0.6523971914815749,5.481694841259352e-07,0.001581954632048901
210,22998,0.14988843448367947,6.1679092282190195,0.3960796583926393,0.012863377534885076,0.008828978525785321,1.2885959215408597e-08,0.001267143514576251,8.560542239734066e-05,-14255.168613130576,3.839153932049004,1.0269523488840654e-05,1.0488725334071604e-10
211,2300,0.4753304123005549,4.577945973952722,0.1294842255365536,0.00410797503108385,0.002954356783790901,1.473066780202176e-10,0.00040708285930340823,0.0004009213445174876,313.2421665909923,2.8673773486223753,2.5597162009390835e-06,1.1709316540465244e-22
212,23005,0.13785109062130552,6.7650712194519675,0.4561765817084629,0.014586325244705975,0.010207663613980232,2.2167884335238402e-08,0.0006747289521043464,3.5266972319591484e-05,-168386.9434263432,7.781056630938089,1.9698690485268168e-05,0.01083426371013515
213,2301,0.1346500788907837,4.015378418199067,0.4615771472362218,0.01462810708092826,0.01052960703344082,2.3688548427514965e-08,0.02635776411424987,0.05268237563760282,,-27.091013865237073,6.325081881197129e-05,5.815213465732734e-07
214,2313,0.1352273025723578,4.0212089943819045,0.4376141474085994,0.014170377915259103,0.009998155302662569,2.0074441756001205e-08,,,,,,
215,2329,0.2760937367573508,4.614160480892698,0.21462250089583246,0.006976839173166035,0.004719587046906045,1.084251855163128e-09,0.003578875473607574,0.00015884114512088052,391.65416034316775,0.6195691062278088,2.1367325735652166e-05,2.791247941838397e-09
216,2336,0.3205907041028392,4.512150624484006,0.18968967183296387,0.00593262699498031,0.004280798603886213,6.447368971959992e-10,0.0007794719345046678,0.0006621060084546216,6988.169961681945,-2.7840808815325473,1.870981496656463e-05,2.132644573727872e-07
217,2340,0.08675816417800848,5.785199726074583,0.7308017672490275,0.023414705801666342,0.016425784493043858,1.4793547054368204e-07,0.0003612919213746772,1.760684601803674e-05,182.49136071739036,1.286383565771767,1.0440071582924165e-05,0.024005961497275064
218,2341,0.14328796036650554,4.1672906253157365,0.42297813737117534,0.013484295960351163,0.009422091195055977,1.6138551446955092e-08,0.006497855812309856,0.00010638229784620809,497.99899571029516,-4.112220807565947,3.283067400063127e-05,1.1442532060332164e-11
219,2344,0.16745108629301694,5.008511092645816,0.3669719146962992,0.011534414402311371,0.008144223497081377,8.820992807467571e-09,0.004207494558582349,0.00013939163081195982,535.5969360006461,3.2291504333578986,1.3495815515960413e-06,0.027898179221742436
220,2359,0.19359515006561068,4.976098547054966,0.3035784651335068,0.009474529682792887,0.00686184850027245,4.22517917431607e-09,0.0009254522099076123,0.0001415372056327453,2099.491428036983,3.959319920583747,4.6625027614223094e-06,2.879293182699657e-05
221,2364,0.6678661273138019,4.932280062220512,0.09126990325312803,0.0028517227659216344,0.0020677397733517657,3.4721446015016396e-11,0.0002538524776585963,0.0003640344971413953,23990.927041492756,5.9062122472230145,7.037799027152659e-07,2.9954050247865736e-48
222,2370,0.23781516161846736,5.180663384565916,0.2593064579724752,0.008496874726712005,0.005704224387802865,2.347881437498273e-09,0.0027259800931670043,2.0118148950516115e-05,355.59586235516764,4.640699314811293,1.4542578998093445e-06,0.4253468503964972
223,2372,0.16046167596196673,6.320224229224,0.3709804241643348,0.011691892030200282,0.008271178612196891,9.346662343956764e-09,0.006461692896436307,1.8525762593011697e-05,3683.895761313689,7.354960614861453,6.166670932022429e-05,9.347305103499439e-05
224,2377,0.11811794778109147,5.180803470713278,0.5274662812846524,0.0168536574618225,0.011633743301409528,3.8431903169673056e-08,0.0003109727127562444,3.305916732754266e-05,527022.417236077,8.702642333934438,2.4614699315171974e-06,2.620478899651175e-07
225,2383,0.16316570459485755,5.9235339266484575,0.3778961284317075,0.012290193793405924,0.00850869117391972,1.0933474134962163e-08,0.0007644490835896783,1.2976740100922864e-05,-69178.87092515024,5.604935753825633,2.2169900967609394e-06,0.06617603592390908
226,23975,0.16957498008017025,5.74705950162601,0.3574908136697392,0.011588565004363222,0.007966819608259545,8.520253694759377e-09,0.000454235731425633,0.00031756775133806586,176688.6680419204,9.320789790748897,1.4961988896025688e-05,4.539116694677293e-07
227,2399,0.1131138051311962,5.502242611655047,0.5693609672187303,0.018143419577812358,0.012863031433451884,5.435757219734899e-08,0.0012072832967710513,9.376056502707894e-05,-55100.249797562436,4.878680742772675,1.4997757057310323e-05,5.75261663682573e-14
228,24008,0.215237115561206,4.6533008872603165,0.28442390952011826,0.009074830781621685,0.006218875530560946,3.185085445197916e-09,0.005946864920290222,7.278773576207615e-06,427.138996096367,2.3094367827658235,8.075290774095901e-05,0.14408243524623562
230,24017,0.09562674764401123,5.2877197794860775,0.6360101931280401,0.020272355976605014,0.014289654336261497,8.392422077606431e-08,0.0024135293225912785,1.616160279460654e-05,839.8161346334473,3.6440525788635183,1.147174078879674e-05,0.0022138188880831125
231,24248,0.1562566297530697,5.521755020059429,0.3819452237108304,0.012301601551949079,0.008763563425772277,1.1622513570965624e-08,0.0016631114763909073,1.198038003014102e-05,2268.0809747937606,5.130663696890135,1.0714419795401614e-05,0.1298437801612358
232,24346,0.17602351491959128,6.6408396616662655,0.3474598729032075,0.010962653895313144,0.007924823516662578,7.545125989269306e-09,0.005328442846799208,3.815538917792729e-05,2553.783585604649,5.262696632104928,9.75581169215007e-05,0.04037148126043403
233,24453,0.2428373624069312,4.354669071380795,0.2555672193036689,0.008012794151085065,0.00568744339263397,2.0768455098792022e-09,0.025018482405092628,0.016404350533466304,106.82216947117028,-19.592731001098855,1.6337294700698306e-05,1.436800573826131e-13
234,24576,0.25786640727470056,5.0868571528763775,0.23862127274696635,0.00735656995100748,0.005396969148514034,1.5764994745836253e-09,0.0014154992798097676,0.00038777255865433415,-6398946.664322756,6.520052388931927,3.4300618758598754e-05,1.275924470567565e-07
235,24631,0.17882246316775813,5.116808514251794,0.3406976925538984,0.010839577593693223,0.007692298960074927,6.9530708040079594e-09,0.011126879017527676,0.0004184358046125313,313.5625534048654,2.8669369040126367,6.1169435052563244e-06,0.10480344582370013
236,24705,0.15305165628675602,5.2765356266143355,0.3997828289218254,0.012727332529278906,0.00879677674781987,1.2534695398121149e-08,0.0010378549068844412,0.00019027734208898464,510.1542443043025,6.927007256121573,1.0595758546862729e-05,3.556889928938408e-05
237,24763,0.11520643742321825,5.859998116780439,0.5363351662550544,0.01657862331616164,0.012143361714001846,4.043686343324944e-08,0.017822771927229968,0.004088374346620556,463.07449786347394,4.048490194740154,1.824983452944509e-05,0.6028025867269027
238,24824,0.0934028072053408,5.8590362333612,0.6708467039052427,0.020705474204004124,0.015118998110059269,9.795926025481251e-08,0.019081006899942337,0.0037070849244743567,583.9578960066324,4.246167150901658,8.73657693920208e-05,0.11510931329227768
239,24923,0.14625926358208796,5.222847318991144,0.3949236374135085,0.012501122521680563,0.00885713963638228,1.225755922180266e-08,0.009401569714004217,0.0008155956596929132,473.95179997003385,4.115310316296089,3.4350150643381824e-05,0.03178534978943396
240,24930,0.12824266887185262,5.180965952885849,0.4729436779026469,0.015298734696863587,0.010765318848483635,2.712721258534752e-08,0.0002417258154085736,1.4848770981018107e-05,678298.735602577,8.281581464013556,2.701441584453581e-05,2.962869184240814e-23
241,24937,0.17348020580748932,5.707116458796067,0.3453194843862869,0.010958417719558713,0.007656982657103353,7.02208994585114e-09,0.003457174925016544,0.00015701138417212326,632.3407448124365,3.8656485487986796,5.322856892807357e-06,0.093869537046765
242,24946,0.10245647821591797,5.424337977583966,0.5848407774300679,0.018909110007984425,0.013300753942848966,6.325126223626678e-08,0.0022210742426726935,0.0014688476349642547,488.7209276606562,2.6272252866187813,6.748540012081974e-06,2.0069512640304907e-09
243,25,0.1803818541956217,5.331401170468938,0.33569767983023785,0.010599423004222444,0.007709298951403356,6.6775764131754355e-09,0.018876867525915247,0.005364261037895109,1331.9995657503343,4.4943476963029445,6.030669427572176e-05,0.39352654602675474
245,28,0.23881324293477305,4.155607041137558,0.25295348749910546,0.00793175067306033,0.0055775333285014925,1.9556122347708467e-09,0.0014265437301120888,0.0003734731787636836,140.566934858192,2.8495761996086384,6.191311724673287e-06,0.3935265460267513
246,3000,0.11854465739099518,6.0886230035833275,0.5234410789944215,0.016791044121066582,0.011696918227755131,3.8528864646774576e-08,0.002152002427132572,0.00020209739095884775,-4490168.7365240315,2.1341204688492663,8.253333308342276e-06,1.5978424878090932e-07
247,35,0.11731289314922895,5.311844029286911,0.5304135335003115,0.016734579105337773,0.011623884258914802,3.78270823505014e-08,0.013228212286368427,0.010235045081289697,190.7977138824972,3.2010821943811,1.7849368315728056e-05,0.42534685039650094
248,3898,0.018265062796012664,5.450489011806356,0.9890228850169496,0.02504642612698485,0.017394838734609466,1.8978379416260504e-07,0.03952578266802537,0.001745882342662661,,0.4928424556219906,6.269374943649603e-05,7.179042620118983e-05
249,42,0.13231256727323312,4.0709533713459995,0.458501191603435,0.0145085232706979,0.010228381675003692,2.202385649326801e-08,0.006591265337916632,0.00012941719921000233,67.80049510762271,2.509725629532393,8.284768840933803e-06,0.010578451279885692
251,4753,0.1936530092683505,6.209799386595089,0.3197101877757904,0.00992572255116144,0.007076144653938184,4.925261407458811e-09,0.00023127945398118438,2.0711756290065247e-05,18409457.020876613,10.580460290240076,4.8399028836978624e-05,2.921208960435352e-12
253,5505,0.1929607968078509,4.615659862030999,0.3157405454667265,0.009842089064322976,0.00723413732868845,5.0645317100293455e-09,0.006759211861341627,0.0012847897244296575,374.0181336568775,3.148278632817762,1.1461222854270695e-05,0.00677255239123794
255,5958,0.12401088468258728,5.858945297861039,0.4938510113467511,0.01604754688050332,0.010882897459626936,3.0501618256516465e-08,0.018720329960209916,0.0004680531963670298,703.6957560357595,2.5702293199555,1.8446084991935953e-05,5.377410878378552e-06
256,62,0.15540068680364788,4.685025324562574,0.3865244089971244,0.012253652930649731,0.008834926462583055,1.1720085529479788e-08,0.03441514294093879,6.485295512359548e-05,470.4781038240722,3.466628498600623,8.163694981011724e-05,0.003093164588690522
259,7431,0.11400638550402015,4.2575526951469795,0.5178038399871782,0.016787605752065362,0.011835119471262279,3.9470519987958086e-08,0.04171638400849945,0.005804436670059766,,0.4423090221732944,8.025799442432915e-05,0.0317853497894337
261,8462,0.11767791568499705,5.524218595850212,0.5356043807943716,0.017007717317470864,0.01180402344163746,4.030828941907117e-08,0.021420144076816007,0.0026044336033187333,863.2163008864169,5.3362099890480374,1.8724102277136134e-05,0.00038039391299660445
263,8744,0.3112618105317774,4.878119501389371,0.19699396302799585,0.006453790754896988,0.004293896770159263,7.634848905039887e-10,0.0026792624337683385,6.485326183898911e-06,33657.14964240057,1.4007588944314047,5.1603474182024735e-05,4.1094063715517796e-16
264,91,0.1300320862380597,5.4708829398403225,0.4744237441125286,0.014972277660237556,0.010410180441165285,2.429181370527479e-08,0.004951336499793307,3.782254679786411e-05,-3845466.098644697,2.1930978031462867,1.125731066289768e-05,9.67393286588507e-08
