,Unnamed: 0,runstring,t
0,0,0000000.bin,6652.43318485
1,1,0000001.bin,7976.16485167
2,2,0000002.bin,6926.54641018
3,3,0000003.bin,42855.9556071
4,4,0000004.bin,215673.276454
5,5,0000005.bin,40850.5262069
6,6,0000006.bin,6265.87568688
7,7,0000007.bin,8401.55476788
8,8,0000008.bin,9918.13217269
9,9,0000009.bin,14511.6850911
10,10,0000010.bin,13637.3841061
11,11,0000011.bin,60624.6448302
12,12,0000012.bin,19066.3709503
13,13,0000013.bin,13411.2138486
14,14,0000014.bin,23784.1806789
15,15,0000015.bin,5058.39878869
16,16,0000016.bin,3499.24775132
17,17,0000017.bin,7440.27055167
18,18,0000018.bin,5067.54397907
19,19,0000019.bin,28941.964131
20,20,0000020.bin,23033.7554545
21,21,0000021.bin,120395.28821
22,22,0000022.bin,2644.06852807
23,23,0000023.bin,5957.67584285
24,24,0000024.bin,11444.1665357
25,25,0000025.bin,4509.47952058
26,26,0000026.bin,15528.25614
27,27,0000027.bin,4493.85648701
28,28,0000028.bin,27208.8812721
29,29,0000029.bin,2861.82105358
30,30,0000030.bin,35329.1867951
31,31,0000031.bin,15232.3191649
32,32,0000032.bin,3955.95301641
33,33,0000033.bin,11410.3916849
34,34,0000034.bin,4500.92322503
35,35,0000035.bin,8910.3945463
36,36,0000036.bin,38299.884112
37,37,0000037.bin,29117.2815875
38,38,0000038.bin,9635.8783423
39,39,0000039.bin,14174.6986819
40,40,0000040.bin,7924.6885149
41,41,0000041.bin,11508.6678406
42,42,0000042.bin,5523.10609538
43,43,0000043.bin,10915.3043329
44,44,0000044.bin,31712.3679216
45,45,0000045.bin,9264.0778561
46,46,0000046.bin,80215.9982032
47,47,0000047.bin,30336.640305
48,48,0000048.bin,23417.5763236
49,49,0000049.bin,7615.96905779
50,50,0000050.bin,2517.94111073
51,51,0000051.bin,19591.5958615
52,52,0000052.bin,7877.57692809
53,53,0000053.bin,3073.71927162
54,54,0000054.bin,5250.93275892
55,55,0000055.bin,13661.7366396
56,56,0000056.bin,30381.3616716
57,57,0000057.bin,14589.8002589
58,58,0000058.bin,14846.4198435
59,59,0000059.bin,8392.44421837
60,60,0000060.bin,16936.788663
61,61,0000061.bin,65170.0122957
62,62,0000062.bin,3750.39407807
63,63,0000063.bin,6232.65509
64,64,0000064.bin,4853.70587217
65,65,0000065.bin,16800.9271604
66,66,0000066.bin,117995.714962
67,67,0000067.bin,10366.4543466
68,68,0000068.bin,47632.5162567
69,69,0000069.bin,10510.4910951
70,70,0000070.bin,14826.3974191
71,71,0000071.bin,157208.35144
72,72,0000072.bin,10922.9599658
73,73,0000073.bin,16569.006518
74,74,0000074.bin,4841.89333459
75,75,0000075.bin,137265.531758
76,76,0000076.bin,11397.0895898
77,77,0000077.bin,6390.27106059
78,78,0000078.bin,3575.11126243
79,79,0000079.bin,12163.3456929
80,80,0000080.bin,103078.489178
81,81,0000081.bin,3252.88186499
82,82,0000082.bin,25716.5524782
83,83,0000083.bin,5842.28709603
84,84,0000084.bin,7892.99211642
85,85,0000085.bin,6854.97836727
86,86,0000086.bin,2987.84454831
87,87,0000087.bin,13438.7879832
88,88,0000088.bin,7750.20243933
89,89,0000089.bin,27171936.1263
90,90,0000090.bin,11555.9526318
91,91,0000091.bin,61809.3626753
92,92,0000092.bin,22591.0104611
93,93,0000093.bin,28729.0959686
94,94,0000094.bin,2108.55527769
95,95,0000095.bin,7122.23269982
96,96,0000096.bin,15885.2649736
97,97,0000097.bin,14854.5950895
98,98,0000098.bin,5896.60398436
99,99,0000099.bin,8341.38357208
100,100,0000100.bin,33640.4788937
101,101,0000101.bin,6759.95845358
102,102,0000102.bin,5720.31658341
103,103,0000103.bin,129043.312785
104,104,0000104.bin,55762.3826617
105,105,0000105.bin,26746.8066718
106,106,0000106.bin,4620.53815832
107,107,0000107.bin,15462.2306367
108,108,0000108.bin,5743.83773595
109,109,0000109.bin,6570.23039404
110,110,0000110.bin,15628.3336211
111,111,0000111.bin,45035.5246741
112,112,0000112.bin,5531.59310918
113,113,0000113.bin,7470.23490652
114,114,0000114.bin,2671.05376787
115,115,0000115.bin,15968.0913001
116,116,0000116.bin,33766.0520571
117,117,0000117.bin,22539.8112514
118,118,0000118.bin,3855.97945792
119,119,0000119.bin,6447.04745087
120,120,0000120.bin,15150.9131141
121,121,0000121.bin,23761.6294708
122,122,0000122.bin,22328.6404917
123,123,0000123.bin,9028.2081542
124,124,0000124.bin,4095.14004274
125,125,0000125.bin,3104.44572566
126,126,0000126.bin,8325.10236193
127,127,0000127.bin,16588.6825337
128,128,0000128.bin,3186.82172084
129,129,0000129.bin,23340.3271775
130,130,0000130.bin,4976.26527963
131,131,0000131.bin,14008.8035427
132,132,0000132.bin,15601.0366134
133,133,0000133.bin,6039.4629432
134,134,0000134.bin,6564.96498139
135,135,0000135.bin,3017.8781849
136,136,0000136.bin,9264.38962396
137,137,0000137.bin,20482.0741339
138,138,0000138.bin,18026.4519532
139,139,0000139.bin,20967.9816547
140,140,0000140.bin,10268.0396274
141,141,0000141.bin,13741.8609781
142,142,0000142.bin,56929.0872529
143,143,0000143.bin,3672.62531896
144,144,0000144.bin,2262.8457245
145,145,0000145.bin,10541.8410848
146,146,0000146.bin,13576.8665016
147,147,0000147.bin,3412.22987921
148,148,0000148.bin,11410.7727345
149,149,0000149.bin,17375.5153152
150,150,0000150.bin,76618.9592692
151,151,0000151.bin,2927.74263425
152,152,0000152.bin,12442.0315134
153,153,0000153.bin,3843.61266639
154,154,0000154.bin,4175.47222643
155,155,0000155.bin,18988.6714729
156,156,0000156.bin,6247.30817913
157,157,0000157.bin,13368.120603
158,158,0000158.bin,5837.78378259
159,159,0000159.bin,24524.8025362
160,160,0000160.bin,23513.7740269
161,161,0000161.bin,16543.3029905
162,162,0000162.bin,29128.4359485
163,163,0000163.bin,18807.9500403
164,164,0000164.bin,14443.4772128
165,165,0000165.bin,10732.5044479
166,166,0000166.bin,77380.2963683
167,167,0000167.bin,3951.6575482
168,168,0000168.bin,6773.91872526
169,169,0000169.bin,10941.9778049
170,170,0000170.bin,716952.61469
171,171,0000171.bin,11257.9025635
172,172,0000172.bin,6281.8104883
173,173,0000173.bin,8190.24544468
174,174,0000174.bin,6639.30429411
175,175,0000175.bin,7174.02080444
176,176,0000176.bin,7861.88461277
177,177,0000177.bin,2696.79193625
178,178,0000178.bin,22727.8419081
179,179,0000179.bin,10535.6403686
180,180,0000180.bin,8932.42614131
181,181,0000181.bin,1972.00095768
182,182,0000182.bin,17186.3415096
183,183,0000183.bin,18349.4780907
184,184,0000184.bin,3748.0731396
185,185,0000185.bin,9339.87208547
186,186,0000186.bin,41100.4254623
187,187,0000187.bin,9311.63977426
188,188,0000188.bin,7992.23821658
189,189,0000189.bin,6141.99992626
190,190,0000190.bin,8777.72000403
191,191,0000191.bin,2480.7368135
192,192,0000192.bin,35948.4963165
193,193,0000193.bin,5124.97854594
194,194,0000194.bin,8571.19112127
195,195,0000195.bin,2853.47260327
196,196,0000196.bin,9152.15319656
197,197,0000197.bin,22197.6633522
198,198,0000198.bin,14229.3966198
199,199,0000199.bin,7729.66040185
200,200,0000200.bin,9090.56172498
201,201,0000201.bin,76510.2562109
202,202,0000202.bin,22612.9727744
203,203,0000203.bin,3887.74513815
204,204,0000204.bin,2223.80546102
205,205,0000205.bin,53538.3347142
206,206,0000206.bin,43934.1874095
207,207,0000207.bin,11905.2365508
208,208,0000208.bin,17709.6611728
209,209,0000209.bin,13299.9820065
210,210,0000210.bin,2645.41952211
211,211,0000211.bin,5422.6129238
212,212,0000212.bin,4983.12417241
213,213,0000213.bin,7170.38351281
214,214,0000214.bin,2440.17235162
215,215,0000215.bin,17643.6356695
216,216,0000216.bin,39593.0971702
217,217,0000217.bin,57067.3043348
218,218,0000218.bin,6029.48637187
219,219,0000219.bin,21254.1152628
220,220,0000220.bin,37947.4825144
221,221,0000221.bin,22667.497508
222,222,0000222.bin,15229.0629229
223,223,0000223.bin,4031.74724578
224,224,0000224.bin,12587.0382064
225,225,0000225.bin,16576.0039743
226,226,0000226.bin,22461.3150339
227,227,0000227.bin,2765.76191371
228,228,0000228.bin,14526.5460254
229,229,0000229.bin,24406.0189839
230,230,0000230.bin,24907.9652286
231,231,0000231.bin,3560.97778639
232,232,0000232.bin,23107.2633863
233,233,0000233.bin,6648.55340711
234,234,0000234.bin,38263.2340687
235,235,0000235.bin,42876.8786941
236,236,0000236.bin,15268.9692082
237,237,0000237.bin,17225.8321044
238,238,0000238.bin,9661.40866545
239,239,0000239.bin,6160.1863844
240,240,0000240.bin,5843.67273094
241,241,0000241.bin,4433.8238547
242,242,0000242.bin,4514.05211577
243,243,0000243.bin,14400.4186081
244,244,0000244.bin,23816.1195635
245,245,0000245.bin,7442.00259531
246,246,0000246.bin,13385.8913707
247,247,0000247.bin,13246.3579356
248,248,0000248.bin,21958.2602812
249,249,0000249.bin,2409.82694718
250,250,0000250.bin,8665.51821751
251,251,0000251.bin,28007.3880277
252,252,0000252.bin,4473.45301302
253,253,0000253.bin,3630.36345432
254,254,0000254.bin,12476.1181321
255,255,0000255.bin,24499.6879035
256,256,0000256.bin,7313.38103513
257,257,0000257.bin,5036.05542583
258,258,0000258.bin,53195.8057653
259,259,0000259.bin,7708.77195563
260,260,0000260.bin,3929.21026272
261,261,0000261.bin,5892.7588475
262,262,0000262.bin,23670.2122078
263,263,0000263.bin,4299.45190966
264,264,0000264.bin,13455.8312925
265,265,0000265.bin,2729.73540615
266,266,0000266.bin,3395.04800637
267,267,0000267.bin,4716.28553034
268,268,0000268.bin,7766.13724075
269,269,0000269.bin,124622.894949
270,270,0000270.bin,306501.36741
271,271,0000271.bin,5456.94202861
272,272,0000272.bin,17196.7684123
273,273,0000273.bin,21979.3912136
274,274,0000274.bin,34751.9659339
275,275,0000275.bin,6905.38083699
276,276,0000276.bin,14791.6526238
277,277,0000277.bin,25310.9425002
278,278,0000278.bin,2241.78407392
279,279,0000279.bin,13491.5806731
280,280,0000280.bin,10700.0459503
281,281,0000281.bin,18987.840092
282,282,0000282.bin,1995.10641974
283,283,0000283.bin,8228.55824984
284,284,0000284.bin,29492.6500836
285,285,0000285.bin,19920.61487
286,286,0000286.bin,20816.5664003
287,287,0000287.bin,3848.08133896
288,288,0000288.bin,1760.31058488
289,289,0000289.bin,4429.70159085
290,290,0000290.bin,3986.57554784
291,291,0000291.bin,85266.2910264
292,292,0000292.bin,79659.804352
293,293,0000293.bin,7118.17971771
294,294,0000294.bin,10054.5132883
295,295,0000295.bin,13215.3889954
296,296,0000296.bin,10915.8932278
297,297,0000297.bin,7117.52154113
298,298,0000298.bin,17899.5624367
299,299,0000299.bin,5366.63327359
300,300,0000300.bin,35352.5001024
301,301,0000301.bin,18413.875473
302,302,0000302.bin,8631.08519009
303,303,0000303.bin,12023.6390535
304,304,0000304.bin,18112.0495495
305,305,0000305.bin,6590.07961407
306,306,0000306.bin,13048.0042988
307,307,0000307.bin,16643.1033446
308,308,0000308.bin,25628.7725068
309,309,0000309.bin,46498.7897762
310,310,0000310.bin,9898.07510743
311,311,0000311.bin,14681.5292897
312,312,0000312.bin,7608.83303802
313,313,0000313.bin,8129.10430445
314,314,0000314.bin,2219.23286583
315,315,0000315.bin,7747.63901475
316,316,0000316.bin,11175.8036953
317,317,0000317.bin,2152.27205898
318,318,0000318.bin,9445.1110566
319,319,0000319.bin,10579.6689178
320,320,0000320.bin,5314.29091501
321,321,0000321.bin,8599.21558724
322,322,0000322.bin,2825.41349642
323,323,0000323.bin,1928.24953552
324,324,0000324.bin,8862.31301506
325,325,0000325.bin,8673.13920949
326,326,0000326.bin,31593.3072423
327,327,0000327.bin,6882.3100158
328,328,0000328.bin,166431.275945
329,329,0000329.bin,2918.63208474
330,330,0000330.bin,6136.14561878
331,331,0000331.bin,7860.49897787
332,332,0000332.bin,5164.98875386
333,333,0000333.bin,15194.7684589
334,334,0000334.bin,3156.75344337
335,335,0000335.bin,14899.6282239
336,336,0000336.bin,6074.83127418
337,337,0000337.bin,11937.6257667
338,338,0000338.bin,3065.40546218
339,339,0000339.bin,52305.4660561
340,340,0000340.bin,8413.02089673
341,341,0000341.bin,28155.4777583
342,342,0000342.bin,6466.03064909
343,343,0000343.bin,87120.7208619
344,344,0000344.bin,61054.9191096
345,345,0000345.bin,13488.2551493
346,346,0000346.bin,50059.7675632
347,347,0000347.bin,7105.74364443
348,348,0000348.bin,6541.68631497
349,349,0000349.bin,3206.22060953
350,350,0000350.bin,3301.79477718
351,351,0000351.bin,24866.3961815
352,352,0000352.bin,2988.6066475
353,353,0000353.bin,5753.57182116
354,354,0000354.bin,17152.22025
355,355,0000355.bin,63405.6833693
356,356,0000356.bin,45549.8723514
357,357,0000357.bin,12620.328085
358,358,0000358.bin,8427.53542237
359,359,0000359.bin,15992.6863197
360,360,0000360.bin,1584.40423354
361,361,0000361.bin,4571.93701398
362,362,0000362.bin,119898.711301
363,363,0000363.bin,5631.3934633
364,364,0000364.bin,25106.5959925
365,365,0000365.bin,43632.5693313
366,366,0000366.bin,3075.93628747
367,367,0000367.bin,285092.02642
368,368,0000368.bin,6480.5798156
369,369,0000369.bin,8070.35338442
370,370,0000370.bin,12317.3243719
371,371,0000371.bin,45793.709454
372,372,0000372.bin,11403.6713556
373,373,0000373.bin,9175.22401774
374,374,0000374.bin,8472.74176118
375,375,0000375.bin,10365.8654518
376,376,0000376.bin,1793.18477303
377,377,0000377.bin,18298.4867262
378,378,0000378.bin,2518.14895597
379,379,0000379.bin,31210.8373673
380,380,0000380.bin,10537.6148984
381,381,0000381.bin,15967.2252783
382,382,0000382.bin,8005.85207953
383,383,0000383.bin,16467.5087611
384,384,0000384.bin,7947.72469522
385,385,0000385.bin,4310.12129844
386,386,0000386.bin,19512.3721857
387,387,0000387.bin,8145.2469511
388,388,0000388.bin,24393.0979384
389,389,0000389.bin,6550.83150535
390,390,0000390.bin,6932.01966806
391,391,0000391.bin,3337.23238991
392,392,0000392.bin,26720.6528129
393,393,0000393.bin,11094.0512358
394,394,0000394.bin,11116.4985213
395,395,0000395.bin,4190.57564691
396,396,0000396.bin,34715.8355037
397,397,0000397.bin,5486.49069298
398,398,0000398.bin,4005.10841471
399,399,0000399.bin,4248.49518599
400,400,0000400.bin,25619.6965982
401,401,0000401.bin,44014.4849524
402,402,0000402.bin,23790.4506768
403,403,0000403.bin,7341.95975508
404,404,0000404.bin,7006.0818538
405,405,0000405.bin,3078.53435292
406,406,0000406.bin,13077.2758362
407,407,0000407.bin,22027.3341813
408,408,0000408.bin,3408.17689711
409,409,0000409.bin,9484.63629229
410,410,0000410.bin,4842.03189808
411,411,0000411.bin,29403.1380687
412,412,0000412.bin,8413.19410109
413,413,0000413.bin,22746.0630072
414,414,0000414.bin,45879.3416912
415,415,0000415.bin,2864.62696427
416,416,0000416.bin,2309.47233909
417,417,0000417.bin,11786.1065897
418,418,0000418.bin,12560.6072205
419,419,0000419.bin,6417.56806824
420,420,0000420.bin,38058.6450747
421,421,0000421.bin,6702.93957718
422,422,0000422.bin,10251.9662625
423,423,0000423.bin,5386.62105711
424,424,0000424.bin,4164.00609758
425,425,0000425.bin,10138.2056367
426,426,0000426.bin,8772.48923226
427,427,0000427.bin,325166.181345
428,428,0000428.bin,20208.9654939
429,429,0000429.bin,15902.7586142
430,430,0000430.bin,7777.9844192
431,431,0000431.bin,61070.2303753
432,432,0000432.bin,19736.0483005
433,433,0000433.bin,9535.66229772
434,434,0000434.bin,25261.8217428
435,435,0000435.bin,1690.43994474
436,436,0000436.bin,11092.0074243
437,437,0000437.bin,8358.7040084
438,438,0000438.bin,8267.07890023
439,439,0000439.bin,10356.9627475
440,440,0000440.bin,12317.3243719
441,441,0000441.bin,9096.76244118
442,442,0000442.bin,2186.39331855
443,443,0000443.bin,10633.0505025
444,444,0000444.bin,11763.9017903
445,445,0000445.bin,36853.0041426
446,446,0000446.bin,25736.0552895
447,447,0000447.bin,13009.5182893
448,448,0000448.bin,34105.2554822
449,449,0000449.bin,27485.5925629
450,450,0000450.bin,50881.7261897
451,451,0000451.bin,26316.948083
452,452,0000452.bin,16113.7561696
453,453,0000453.bin,5519.95377597
454,454,0000454.bin,3489.16725738
455,455,0000455.bin,6836.54942302
456,456,0000456.bin,4770.0481647
457,457,0000457.bin,17747.3504422
458,458,0000458.bin,30139.9147892
459,459,0000459.bin,13916.0699266
460,460,0000460.bin,14984.9486933
461,461,0000461.bin,9171.72528961
462,462,0000462.bin,9360.06771423
463,463,0000463.bin,20474.0028106
464,464,0000464.bin,50748.4973935
465,465,0000465.bin,16357.385427
466,466,0000466.bin,1509.71851209
467,467,0000467.bin,4795.33600174
468,468,0000468.bin,3272.10754932
469,469,0000469.bin,11706.882914
470,470,0000470.bin,23893.7151182
471,471,0000471.bin,10693.9491567
472,472,0000472.bin,31272.1863527
473,473,0000473.bin,12393.3957282
474,474,0000474.bin,44134.27309
475,475,0000475.bin,8611.85950576
476,476,0000476.bin,1720.43894046
477,477,0000477.bin,10212.3024633
478,478,0000478.bin,27207.8420459
479,479,0000479.bin,16846.0988584
480,480,0000480.bin,8495.60473713
481,481,0000481.bin,13917.9405338
482,482,0000482.bin,6297.2603175
483,483,0000483.bin,22265.2130538
484,484,0000484.bin,6566.76630677
485,485,0000485.bin,43995.9520855
486,486,0000486.bin,8653.94816604
487,487,0000487.bin,8557.95830791
488,488,0000488.bin,11450.7136607
489,489,0000489.bin,2270.43207561
490,490,0000490.bin,5159.96582732
491,491,0000491.bin,40466.8785422
492,492,0000492.bin,2476.78775402
493,493,0000493.bin,67411.03427
494,494,0000494.bin,15890.3571818
495,495,0000495.bin,63054.3556387
496,496,0000496.bin,6495.47539084
497,497,0000497.bin,2441.35014129
498,498,0000498.bin,17529.805762
499,499,0000499.bin,5985.63102709
500,500,0000500.bin,6437.93690136
501,501,0000501.bin,5523.10609538
502,502,0000502.bin,6009.98356056
503,503,0000503.bin,13531.0366271
504,504,0000504.bin,24434.3552177
505,505,0000505.bin,13384.5403766
506,506,0000506.bin,3442.81776976
507,507,0000507.bin,26254.8023575
508,508,0000508.bin,2032.06823087
509,509,0000509.bin,37172.011939
510,510,0000510.bin,13282.5922884
511,511,0000511.bin,13260.3182073
512,512,0000512.bin,3215.71220863
513,513,0000513.bin,2875.91988876
514,514,0000514.bin,17573.1068528
515,515,0000515.bin,839085.073258
516,516,0000516.bin,13875.8518735
517,517,0000517.bin,12739.7698139
518,518,0000518.bin,9935.31404553
519,519,0000519.bin,13590.7574915
520,520,0000520.bin,7428.97762719
521,521,0000521.bin,4532.10001043
522,522,0000522.bin,11019.0537465
523,523,0000523.bin,18294.9187163
524,524,0000524.bin,5731.36702179
525,525,0000525.bin,57266.6279161
526,526,0000526.bin,8029.61571818
527,527,0000527.bin,10043.4974908
528,528,0000528.bin,7063.79354764
529,529,0000529.bin,4400.98430742
530,530,0000530.bin,13049.5284972
531,531,0000531.bin,13406.7105351
532,532,0000532.bin,46312.0061908
533,533,0000533.bin,3013.99840716
534,534,0000534.bin,10481.0463533
535,535,0000535.bin,9120.00646673
536,536,0000536.bin,18595.8786179
537,537,0000537.bin,29139.451746
538,538,0000538.bin,3414.82794466
539,539,0000539.bin,14606.5318004
540,540,0000540.bin,39379.605472
541,541,0000541.bin,5714.98188902
542,542,0000542.bin,9453.18237992
543,543,0000543.bin,8207.21947229
544,544,0000544.bin,34956.9359775
545,545,0000545.bin,26032.962209
546,546,0000546.bin,5418.97563217
547,547,0000547.bin,8972.88668057
548,548,0000548.bin,4557.56105183
549,549,0000549.bin,82329.7842521
550,550,0000550.bin,17175.9838887
551,551,0000551.bin,8374.63880982
552,552,0000552.bin,28877.3242626
553,553,0000553.bin,7932.7944791
554,554,0000554.bin,2180.71221543
555,555,0000555.bin,6966.79910421
556,556,0000556.bin,21542.6390911
557,557,0000557.bin,54348.6193666
558,558,0000558.bin,10589.9918978
559,559,0000559.bin,2104.29445035
560,560,0000560.bin,9534.86555764
561,561,0000561.bin,871762.709061
562,562,0000562.bin,9382.51499971
563,563,0000563.bin,6237.88586177
564,564,0000564.bin,20969.1594443
565,565,0000565.bin,5015.54802922
566,566,0000566.bin,1161400.10335
567,567,0000567.bin,408050.011623
568,568,0000568.bin,50859.7292356
569,569,0000569.bin,9271.87205245
570,570,0000570.bin,18754.6377373
571,571,0000571.bin,21671.0528061
572,572,0000572.bin,152116.073874
573,573,0000573.bin,21973.9179557
574,574,0000574.bin,5236.34895153
575,575,0000575.bin,2617.32577438
576,576,0000576.bin,6502.19572014
577,577,0000577.bin,4657.32676508
578,578,0000578.bin,18794.959713
579,579,0000579.bin,6527.13714845
580,580,0000580.bin,5623.87639394
581,581,0000581.bin,6625.69043116
582,582,0000582.bin,12780.8885297
583,583,0000583.bin,7466.66689664
584,584,0000584.bin,4511.31548683
585,585,0000585.bin,7343.34538998
586,586,0000586.bin,11495.0539777
587,587,0000587.bin,14593.298987
588,588,0000588.bin,5949.18882905
589,589,0000589.bin,53685.004169
590,590,0000590.bin,13701.5043614
591,591,0000591.bin,5358.31946415
592,592,0000592.bin,31173.9448379
593,593,0000593.bin,6265.73712339
594,594,0000594.bin,8631.08519009
595,595,0000595.bin,18792.9505424
596,596,0000596.bin,7262.21646622
597,597,0000597.bin,5421.92010635
598,598,0000598.bin,16141.3303042
599,599,0000599.bin,38775.3300892
600,600,0000600.bin,5381.00923574
601,601,0000601.bin,13674.3805581
602,602,0000602.bin,4550.28646857
603,603,0000603.bin,2719.13529912
604,604,0000604.bin,23627.6039345
605,605,0000605.bin,9677.89772083
606,606,0000606.bin,2651.58559744
607,607,0000607.bin,8108.73547132
608,608,0000608.bin,75360.7681338
609,609,0000609.bin,4137.60975261
610,610,0000610.bin,36319.2575766
611,611,0000611.bin,117422.997414
612,612,0000612.bin,8352.5032922
613,613,0000613.bin,9885.91616113
614,614,0000614.bin,5900.58768472
615,615,0000615.bin,3090.38153137
616,616,0000616.bin,2537.40928117
617,617,0000617.bin,6384.38211223
618,618,0000618.bin,7473.14473982
619,619,0000619.bin,9839.91308224
620,620,0000620.bin,3656.03234096
621,621,0000621.bin,20784.00398
622,622,0000622.bin,12577.5466073
623,623,0000623.bin,14109.0195873
624,624,0000624.bin,9038.4618525
625,625,0000625.bin,2492.2722241
626,626,0000626.bin,20743.751286
627,627,0000627.bin,3298.50389428
628,628,0000628.bin,10549.3927951
629,629,0000629.bin,20616.8964103
630,630,0000630.bin,175075.386108
631,631,0000631.bin,2819.83631593
632,632,0000632.bin,5458.22374089
633,633,0000633.bin,12710.2211495
634,634,0000634.bin,15717.1181777
635,635,0000635.bin,3195.75906598
636,636,0000636.bin,7252.79414886
637,637,0000637.bin,11173.6906021
638,638,0000638.bin,31440.7141982
639,639,0000639.bin,45479.793866
640,640,0000640.bin,13041.2146877
641,641,0000641.bin,10220.6509136
642,642,0000642.bin,7619.29458156
643,643,0000643.bin,101951.483027
644,644,0000644.bin,4558.56563713
645,645,0000645.bin,15672.9857059
646,646,0000646.bin,8741.06996076
647,647,0000647.bin,6458.58286146
648,648,0000648.bin,11641.861996
649,649,0000649.bin,8336.98418125
650,650,0000650.bin,30760.8870724
651,651,0000651.bin,3063.04988284
652,652,0000652.bin,69107.6402896
653,653,0000653.bin,11858.6445771
654,654,0000654.bin,33847.0077765
655,655,0000655.bin,230004.413325
656,656,0000656.bin,3104.82677526
657,657,0000657.bin,3934.89136583
658,658,0000658.bin,133394.5528
659,659,0000659.bin,14568.8425309
660,660,0000660.bin,7421.7376848
661,661,0000661.bin,10155.8724817
662,662,0000662.bin,17414.0706064
663,663,0000663.bin,4895.79453244
664,664,0000664.bin,9547.82124402
665,665,0000665.bin,2853.23011717
666,666,0000666.bin,127743.206194
667,667,0000667.bin,3369.76016933
668,668,0000668.bin,2519.18818215
669,669,0000669.bin,14797.8533401
670,670,0000670.bin,14506.6968054
671,671,0000671.bin,2645.03847251
672,672,0000672.bin,22588.862727
673,673,0000673.bin,4050.31475352
674,674,0000674.bin,113856.858139
675,675,0000675.bin,8947.80668877
676,676,0000676.bin,10546.7600888
677,677,0000677.bin,4880.8989572
678,678,0000678.bin,25726.3558451
679,679,0000679.bin,7731.28852286
680,680,0000680.bin,11046.7318038
681,681,0000681.bin,9895.23455587
682,682,0000682.bin,9209.06815033
683,683,0000683.bin,7750.20243933
684,684,0000684.bin,6056.74873865
685,685,0000685.bin,16978.3230693
686,686,0000686.bin,25521.5936469
687,687,0000687.bin,21033.7646718
688,688,0000688.bin,6445.00363938
689,689,0000689.bin,15945.5054511
690,690,0000690.bin,49908.0059001
691,691,0000691.bin,16542.9219409
692,692,0000692.bin,10453.2643735
693,693,0000693.bin,38152.1061492
694,694,0000694.bin,16425.2815374
695,695,0000695.bin,9743.09184317
696,696,0000696.bin,5200.18388048
697,697,0000697.bin,14861.0036509
698,698,0000698.bin,5077.38198691
699,699,0000699.bin,35598.1038896
700,700,0000700.bin,5589.37408477
701,701,0000701.bin,3915.49247715
702,702,0000702.bin,10264.5408992
703,703,0000703.bin,26067.4645181
704,704,0000704.bin,5569.24773776
705,705,0000705.bin,6083.35292885
706,706,0000706.bin,7432.09530573
707,707,0000707.bin,16777.0249583
708,708,0000708.bin,7772.37259783
709,709,0000709.bin,2592.93860003
710,710,0000710.bin,9236.78084845
711,711,0000711.bin,10386.6499753
712,712,0000712.bin,4085.61380276
713,713,0000713.bin,10565.9164913
714,714,0000714.bin,3920.68860804
715,715,0000715.bin,8092.76602903
716,716,0000716.bin,13663.1915563
717,717,0000717.bin,18496.7710812
718,718,0000718.bin,64079.1365747
719,719,0000719.bin,51268.6993782
720,720,0000720.bin,23911.3473224
721,721,0000721.bin,26792.4287011
722,722,0000722.bin,7499.43716217
723,723,0000723.bin,3124.57207268
724,724,0000724.bin,8301.962259
725,725,0000725.bin,3311.35565803
726,726,0000726.bin,17181.5610692
727,727,0000727.bin,3276.40301753
728,728,0000728.bin,17189.1127794
729,729,0000729.bin,9128.42419879
730,730,0000730.bin,15097.081198
731,731,0000731.bin,12503.7615485
732,732,0000732.bin,31143.6687152
733,733,0000733.bin,7244.23785331
734,734,0000734.bin,9639.23850695
735,735,0000735.bin,6553.32564818
736,736,0000736.bin,3466.13107706
737,737,0000737.bin,12548.240429
738,738,0000738.bin,6542.30985068
739,739,0000739.bin,11754.5487547
740,740,0000740.bin,4572.56054969
741,741,0000741.bin,5572.3654163
742,742,0000742.bin,8297.66679079
743,743,0000743.bin,25188.313811
744,744,0000744.bin,48112.4655474
745,745,0000745.bin,110925.443573
746,746,0000746.bin,7304.92866221
747,747,0000747.bin,13247.1200348
748,748,0000748.bin,6971.752749
749,749,0000749.bin,912787.859862
750,750,0000750.bin,51016.7563114
751,751,0000751.bin,17933.752978
752,752,0000752.bin,6136.52666838
753,753,0000753.bin,6964.2703205
754,754,0000754.bin,9696.01489723
755,755,0000755.bin,4759.13628982
756,756,0000756.bin,10157.6391662
757,757,0000757.bin,10929.6110133
758,758,0000758.bin,17977.9200906
759,759,0000759.bin,6021.03399894
760,760,0000760.bin,7221.0631095
761,761,0000761.bin,27750.2834708
762,762,0000762.bin,7966.29220296
763,763,0000763.bin,11883.1703149
764,764,0000764.bin,7873.62786861
765,765,0000765.bin,132648.873375
766,766,0000766.bin,7777.94977833
767,767,0000767.bin,37366.4165163
768,768,0000768.bin,2565.19126104
769,769,0000769.bin,37069.3363924
770,770,0000770.bin,33514.0743494
771,771,0000771.bin,10244.0681435
772,772,0000772.bin,11539.3596538
773,773,0000773.bin,20874.1048898
774,774,0000774.bin,40464.7308081
775,775,0000775.bin,1231.69086815
776,776,0000776.bin,2918.52816212
777,777,0000777.bin,1274280.67842
778,778,0000778.bin,23506.395521
779,779,0000779.bin,10992.4495563
780,780,0000780.bin,10768.9120051
781,781,0000781.bin,29592.658283
782,782,0000782.bin,2361.53757069
783,783,0000783.bin,46890.7166095
784,784,0000784.bin,9520.66279986
785,785,0000785.bin,21404.3873684
786,786,0000786.bin,3627.17649403
787,787,0000787.bin,28370.5282957
788,788,0000788.bin,21309.7485043
789,789,0000789.bin,2149.36222568
790,790,0000790.bin,9466.96944724
791,791,0000791.bin,67078.2047656
792,792,0000792.bin,15232.6655736
793,793,0000793.bin,3953.14710572
794,794,0000794.bin,3999.39267072
795,795,0000795.bin,10292.0111113
796,796,0000796.bin,2264.7509725
797,797,0000797.bin,5698.49283364
798,798,0000798.bin,5204.09829909
799,799,0000799.bin,13117.1128397
800,800,0000800.bin,9328.37131575
801,801,0000801.bin,8506.58589377
802,802,0000802.bin,23438.949742
803,803,0000803.bin,42894.2337714
804,804,0000804.bin,5915.58718258
805,805,0000805.bin,19840.9755037
806,806,0000806.bin,13318.1684646
807,807,0000807.bin,9608.89310251
808,808,0000808.bin,5744.08022205
809,809,0000809.bin,16824.4136721
810,810,0000810.bin,20391.6268154
811,811,0000811.bin,14075.4179408
812,812,0000812.bin,24729.426171
813,813,0000813.bin,17550.3131586
814,814,0000814.bin,6282.08761528
815,815,0000815.bin,15623.6917441
816,816,0000816.bin,11801.0714467
817,817,0000817.bin,24101.6989176
818,818,0000818.bin,6081.93265307
819,819,0000819.bin,22606.1831634
820,820,0000820.bin,12080.7272116
821,821,0000821.bin,141270.882661
822,822,0000822.bin,8837.96048158
823,823,0000823.bin,7760.87182811
824,824,0000824.bin,3116.57003109
825,825,0000825.bin,22039.5277685
826,826,0000826.bin,9220.43035656
827,827,0000827.bin,18039.5462031
828,828,0000828.bin,2879.38397602
829,829,0000829.bin,210664.552674
830,830,0000830.bin,31089.1786225
831,831,0000831.bin,26006.2194553
832,832,0000832.bin,5808.7547313
833,833,0000833.bin,22476.4530953
834,834,0000834.bin,18363.1265945
835,835,0000835.bin,2709.57441826
836,836,0000836.bin,2855.86282349
837,837,0000837.bin,96956.5463187
838,838,0000838.bin,2042.73761965
839,839,0000839.bin,120522.939826
840,840,0000840.bin,7266.78906141
841,841,0000841.bin,6132.78545413
842,842,0000842.bin,3582.90545878
843,843,0000843.bin,1822.35238781
844,844,0000844.bin,6189.73504878
845,845,0000845.bin,15723.284253
846,846,0000846.bin,13192.1796108
847,847,0000847.bin,8617.19420015
848,848,0000848.bin,23420.6940021
849,849,0000849.bin,19781.323921
850,850,0000850.bin,18642.4359507
851,851,0000851.bin,180525.538529
852,852,0000852.bin,2619.99312158
853,853,0000853.bin,52450.230263
854,854,0000854.bin,2504.63901563
855,855,0000855.bin,21848.5179967
856,856,0000856.bin,3539.70829058
857,857,0000857.bin,33720.637873
858,858,0000858.bin,4532.06536955
859,859,0000859.bin,3778.59174841
860,860,0000860.bin,19509.3237889
861,861,0000861.bin,10886.3445634
862,862,0000862.bin,8489.09225308
863,863,0000863.bin,56283.7624361
864,864,0000864.bin,11575.6632883
865,865,0000865.bin,3742.94629045
866,866,0000866.bin,9540.23489291
867,867,0000867.bin,4782.93456933
868,868,0000868.bin,2455.55289908
869,869,0000869.bin,18200.1759296
870,870,0000870.bin,34993.1010485
871,871,0000871.bin,3347.34752472
872,872,0000872.bin,5767.32424761
873,873,0000873.bin,24674.0007747
874,874,0000874.bin,2101.52318054
875,875,0000875.bin,4253.13706292
876,876,0000876.bin,13761.4330711
877,877,0000877.bin,9166.84092656
878,878,0000878.bin,6915.08028133
879,879,0000879.bin,124363.919785
880,880,0000880.bin,3934.99528845
881,881,0000881.bin,2071.59346657
882,882,0000882.bin,18265.7511015
883,883,0000883.bin,26817.3008476
884,884,0000884.bin,7517.10400723
885,885,0000885.bin,3045.4869604
886,886,0000886.bin,39802.882295
887,887,0000887.bin,3979.26632371
888,888,0000888.bin,7886.34106887
889,889,0000889.bin,16197.8988493
890,890,0000890.bin,22746.5133385
891,891,0000891.bin,10987.3919889
892,892,0000892.bin,4549.76685548
893,893,0000893.bin,24304.8329949
894,894,0000894.bin,14908.0113151
895,895,0000895.bin,13435.9474316
896,896,0000896.bin,13363.6865713
897,897,0000897.bin,16496.7110168
898,898,0000898.bin,2480.25184128
899,899,0000899.bin,6641.00169687
900,900,0000900.bin,18874.4258749
901,901,0000901.bin,4436.94153324
902,902,0000902.bin,13268.2509671
903,903,0000903.bin,14617.1319074
904,904,0000904.bin,4486.51262201
905,905,0000905.bin,6063.05337747
906,906,0000906.bin,6046.39111773
907,907,0000907.bin,11829.8926528
908,908,0000908.bin,1606.7475964
909,909,0000909.bin,16429.2998786
910,910,0000910.bin,18555.9723326
911,911,0000911.bin,4005.00449209
912,912,0000912.bin,2198.03265176
913,913,0000913.bin,15576.3376712
914,914,0000914.bin,5976.34727322
915,915,0000915.bin,10484.9954128
916,916,0000916.bin,25567.8738527
917,917,0000917.bin,7521.67660242
918,918,0000918.bin,10427.9072547
919,919,0000919.bin,63127.5864435
920,920,0000920.bin,4377.63635925
921,921,0000921.bin,13082.9222984
922,922,0000922.bin,15810.5099704
923,923,0000923.bin,6555.92371363
924,924,0000924.bin,16561.5933713
925,925,0000925.bin,48801.5417864
926,926,0000926.bin,37936.8477665
927,927,0000927.bin,10331.1206565
928,928,0000928.bin,5578.5661325
929,929,0000929.bin,4671.28703676
930,930,0000930.bin,3612.00379181
931,931,0000931.bin,15535.045751
932,932,0000932.bin,7166.0880446
933,933,0000933.bin,16426.8403766
934,934,0000934.bin,5922.82712496
935,935,0000935.bin,19784.1991134
936,936,0000936.bin,63707.0589614
937,937,0000937.bin,157629.376606
938,938,0000938.bin,29175.0625631
939,939,0000939.bin,18913.3275749
940,940,0000940.bin,3586.6813139
941,941,0000941.bin,13501.5572444
942,942,0000942.bin,25045.0391617
943,943,0000943.bin,11277.5439383
944,944,0000944.bin,10591.585378
945,945,0000945.bin,2634.7847742
946,946,0000946.bin,36056.6797619
947,947,0000947.bin,26518.3501166
948,948,0000948.bin,57533.6051217
949,949,0000949.bin,3851.85719408
950,950,0000950.bin,22726.6641185
951,951,0000951.bin,41100.2176171
952,952,0000952.bin,16972.2262757
953,953,0000953.bin,5146.83693659
954,954,0000954.bin,7120.05032484
955,955,0000955.bin,1798.76195353
956,956,0000956.bin,8624.12237468
957,957,0000957.bin,75758.4799927
958,958,0000958.bin,92609.2900059
959,959,0000959.bin,24924.9392563
960,960,0000960.bin,5855.17350066
961,961,0000961.bin,2103.28986505
962,962,0000962.bin,16458.3289299
963,963,0000963.bin,2294.40355949
964,964,0000964.bin,14477.0442184
965,965,0000965.bin,18001.8222927
966,966,0000966.bin,23794.1572502
967,967,0000967.bin,9185.26987081
968,968,0000968.bin,63611.3808711
969,969,0000969.bin,1820.27393545
970,970,0000970.bin,4300.28329061
971,971,0000971.bin,2453.68229196
972,972,0000972.bin,8474.82021354
973,973,0000973.bin,139870.525383
974,974,0000974.bin,3388.91657191
975,975,0000975.bin,14897.6536942
976,976,0000976.bin,10159.7176186
977,977,0000977.bin,16023.2742102
978,978,0000978.bin,6971.92595336
979,979,0000979.bin,14624.8221811
980,980,0000980.bin,6420.7896694
981,981,0000981.bin,8405.7116726
982,982,0000982.bin,5811.07566977
983,983,0000983.bin,23593.0669844
984,984,0000984.bin,10353.1176106
985,985,0000985.bin,2529.96149355
986,986,0000986.bin,6193.16449517
987,987,0000987.bin,15415.7425856
988,988,0000988.bin,7150.53429278
989,989,0000989.bin,23534.6278323
990,990,0000990.bin,20957.4854703
991,991,0000991.bin,16613.6932437
992,992,0000992.bin,16398.6773472
993,993,0000993.bin,28720.7821591
994,994,0000994.bin,25345.8604999
995,995,0000995.bin,6513.55792637
996,996,0000996.bin,2724.53927525
997,997,0000997.bin,16899.5843657
998,998,0000998.bin,13494.2133794
999,999,0000999.bin,30344.6423465
